product_id,product_category,sub_type,model_name,capacity_tons,capacity_liters,capacity_kg,capacity_place_settings,technology,feature_1,energy_rating_stars,color,price_inr,manufacturing_date,warranty_years,customer_rating,platform,discount_offered,warranty_duration_months,review_sentiment,return_status,complaint_text,resolved_status,review_date,reviewer_location,product_name,username,capacity_unified,price_density_score,warranty_quality_interaction
PID223368,Washing Machine,Front Load,Model_Q146,1.5,50.0,7.0,12.0,Semi-Automatic,GentleWave Drum,4.0,Blue,33923.0,2024-01-12,10.0,3.6,Flipkart,0.0,120.0,Neutral,Returned,Slow installation service.,Unresolved,2022-05-15,Mumbai,Voltas Front Load Washing Machine (Model_Q146),nehareviews343,1.5 Tons,22615.3182564545,36.0
PID422924,Refrigerator,Single Door,Model_A26,1.5,250.0,7.0,12.0,Direct Cool,Active Fresh Blue Light,4.0,White,35161.0,2022-06-29,5.0,4.2,Amazon,20.0,60.0,Negative,Not Returned,Delivered with damaged packaging.,Resolved,2023-05-19,Mumbai,Voltas Single Door Refrigerator (Model_A26),mukeshindia093,1.5 Tons,23440.65103956597,21.0
PID284044,Dishwasher,Table Top,Model_M480,1.5,50.0,7.0,12.0,Electronic Control,AquaIntense,3.0,White,83505.0,2024-05-14,5.0,3.1,Croma,25.0,60.0,Neutral,Not Returned,Delivered with damaged packaging.,Resolved,2023-11-13,Mumbai,Voltas Table Top Dishwasher (Model_M480),rajesh_879,1.5 Tons,55669.96288669141,15.5
PID228313,Dishwasher,Full Size,Model_U358,1.5,50.0,7.0,12.0,Electronic Control,ProSmart Inverter Motor,4.0,Black,59371.0,2022-12-14,1.0,4.4,Croma,0.0,12.0,Positive,Not Returned,Excellent performance.,Unresolved,2022-11-09,Ahmedabad,Voltas Full Size Dishwasher (Model_U358),arjunindia527,1.5 Tons,39580.64027957315,4.4
PID944188,Washing Machine,Top Load,Model_A312,1.5,50.0,8.0,12.0,Semi-Automatic,GentleWave Drum,3.0,Silver,47260.0,2024-02-15,1.0,4.0,Amazon,30.0,12.0,Positive,Not Returned,Noisy operation at night.,Unresolved,2022-10-09,Ahmedabad,Voltas Top Load Washing Machine (Model_A312),deepa.63,1.5 Tons,31506.645662236228,4.0
PID236173,Washing Machine,Front Load,Model_O144,1.5,50.0,9.0,12.0,Semi-Automatic,GentleWave Drum,4.0,Black,58058.0,2022-10-16,1.0,4.4,Amazon,15.0,12.0,Neutral,Not Returned,Cooling issue after 2 months.,Unresolved,2022-01-25,Mumbai,Voltas Front Load Washing Machine (Model_O144),anil.21,1.5 Tons,38705.30752979498,4.4
PID924913,Washing Machine,Front Load,Model_Z51,1.5,50.0,6.5,12.0,Compressor Cooling,ProSmart Inverter Motor,3.0,Blue,37984.0,2023-09-07,2.0,4.4,Vijay Sales,5.0,24.0,Positive,Not Returned,Excellent performance.,Resolved,2023-02-21,Hyderabad,Voltas Front Load Washing Machine (Model_Z51),vinod_6,1.5 Tons,25322.649784900143,8.8
PID102241,Water Dispenser,Bottom Loading,Model_Z493,1.5,15.0,7.0,12.0,Compressor Cooling,"Hot, Normal & Cold",4.0,Silver,82249.0,2023-05-12,10.0,4.0,Amazon,30.0,120.0,Neutral,Returned,No issues so far.,Resolved,2022-09-01,Delhi,Vlotas Single Door Refrigerator (Model_N325),mohan_3,1.5 Tons,54832.63011157993,40.0
PID775789,Air Conditioner,Split AC,Model_H293,1.5,50.0,7.0,12.0,Non-Inverter,Turbo Mode,3.0,Silver,10150.0,2023-01-17,1.0,3.3,Amazon,15.0,24.0,Negative,Returned,Noisy operation at night.,In Progress,2022-06-26,Hyderabad,Voltas Split AC Air Conditioner (Model_H293),ajay.user326,1.5 Tons,6766.662155558563,3.3
PID620194,Water Dispenser,Top Loading,Model_P249,1.5,15.0,7.0,12.0,Compressor Cooling,Hot & Cold,5.0,Grey,35936.0,2022-11-09,1.0,4.6,Amazon,15.0,12.0,Negative,Returned,Delivered with damaged packaging.,Resolved,2022-09-09,Chennai,Voltas Top Loading Water Dispenser (Model_P249),ajay.express166,1.5 Tons,23957.317361788428,4.6
PID131574,Refrigerator,Double Door,Model_B1,1.5,450.0,7.0,12.0,Direct Cool,StoreFresh+,4.0,Silver,58959.0,2023-06-29,10.0,4.1,Amazon,30.0,120.0,Negative,Not Returned,Cooling issue after 2 months.,Resolved,2023-05-27,Delhi,Voltas Double Door Refrigerator (Model_B1),rohit.shop608,1.5 Tons,39305.97379601747,41.0
PID204092,Dishwasher,Full Size,Model_M64,1.5,50.0,7.0,15.0,Electronic Control,AquaIntense,3.0,Black,42718.0,2022-05-30,5.0,3.8,Flipkart,25.0,60.0,Neutral,Returned,Excellent performance.,Unresolved,2024-06-13,Chennai,Voltas Full Size Dishwasher (Model_M64),deepakart006,1.5 Tons,28478.647680901548,19.0
PID455943,Air Cooler,Tower,Model_X387,1.5,90.0,7.0,12.0,Evaporative Cooling,Honeycomb Pads,3.0,Blue,79830.0,2023-05-28,1.0,5.0,Amazon,15.0,12.0,Neutral,Returned,Slow installation service.,In Progress,2024-02-04,Delhi,Voltas Tower Air Cooler (Model_X387),komalzone601,1.5 Tons,53219.964520023655,5.0
PID128554,Dishwasher,Table Top,Model_P145,1.5,50.0,7.0,15.0,Electronic Control,AquaIntense,4.0,White,10532.0,2023-06-04,1.0,3.1,Amazon,0.0,12.0,Positive,Not Returned,Slow installation service.,Unresolved,2022-03-31,Pune,Voltas Table Top Dishwasher (Model_P145),deepa.india1,1.5 Tons,7021.328652447565,3.1
PID495003,Air Conditioner,Inverter AC,Model_A0,1.2,50.0,7.0,12.0,Inverter,Adjustable Cooling,3.0,White,9373.0,2023-11-30,2.0,4.9,Vijay Sales,0.0,24.0,Neutral,Not Returned,Slow installation service.,Unresolved,2023-02-03,Mumbai,Voltas Inverter AC Air Conditioner (Model_X257),shilpareviews70,1.2 Tons,7810.826824310981,9.8
PID793383,Refrigerator,Double Door,Model_D185,1.5,450.0,7.0,12.0,Direct Cool,NeoFrost Dual Cooling,4.0,White,67550.0,2023-09-24,10.0,3.9,Croma,0.0,120.0,Negative,Returned,Remote stopped working.,Resolved,2024-05-06,Chennai,Voltas Double Door Refrigerator (Model_D185),rohit_shop3,1.5 Tons,45033.30331113113,39.0
PID405350,Refrigerator,Side-by-Side,Model_T435,1.5,250.0,7.0,12.0,Frost Free,ProSmart Inverter Motor,2.0,Blue,21731.0,2024-03-05,5.0,3.2,Vijay Sales,5.0,60.0,Negative,Not Returned,Cooling issue after 2 months.,In Progress,,Delhi,Voltas Side-by-Side Refrigerator (Model_T435),suresh_reviews340,1.5 Tons,14487.32367511755,16.0
PID791218,Water Dispenser,Bottom Loading,Model_X127,1.5,15.0,7.0,12.0,Compressor Cooling,Normal & Cold,5.0,Silver,83682.0,2022-05-25,1.0,4.0,Flipkart,25.0,12.0,Neutral,Not Returned,Slow installation service.,Resolved,2023-06-02,Mumbai,Voltas Bottom Loading Water Dispenser (Model_X127),nehaexpress42,1.5 Tons,55787.9628080248,4.0
PID659819,Refrigerator,Single Door,Model_H163,1.5,450.0,7.0,12.0,Direct Cool,Active Fresh Blue Light,2.0,Blue,74966.0,2022-07-09,2.0,4.0,Croma,5.0,24.0,Neutral,Not Returned,Delivered with damaged packaging.,Resolved,2022-12-04,Chennai,Voltas Single Door Refrigerator (Model_H163),poojaindia13,1.5 Tons,49977.300015133325,8.0
PID661205,Air Cooler,Personal,Model_K296,1.5,20.0,7.0,12.0,Evaporative Cooling,ProSmart Inverter Motor,3.0,White,36380.0,2022-01-16,5.0,3.9,Croma,15.0,60.0,Positive,Not Returned,Cooling issue after 2 months.,In Progress,2023-01-29,Hyderabad,Voltas Personal Air Cooler (Model_K296),mohankart81,1.5 Tons,24253.317164455224,19.5
PID486753,Water Dispenser,Bottom Loading,Model_T201,1.5,15.0,7.0,12.0,Compressor Cooling,Hot & Cold,1.0,Grey,11558.0,2023-11-23,2.0,3.2,Flipkart,25.0,60.0,Negative,Returned,Delivered with damaged packaging.,Unresolved,2023-03-09,Ahmedabad,Voltas Bottom Loading Water Dispenser (Model_T201),suresh_33,1.5 Tons,7705.328196447869,6.4
PID261240,Washing Machine,Top Load,Model_U254,1.5,50.0,6.5,12.0,Semi-Automatic,ProSmart Inverter Motor,5.0,White,10010.0,2023-12-28,1.0,3.2,Flipkart,15.0,12.0,Negative,Not Returned,Excellent performance.,Unresolved,2022-09-06,Chennai,Vlotas Single Door Refrigerator (Model_N325),komal.india41,1.5 Tons,6673.328884447411,3.2
PID487013,Water Dispenser,Bottom Loading,Model_E160,1.5,20.0,7.0,12.0,Compressor Cooling,Normal & Cold,2.0,Silver,41726.0,2022-10-03,1.0,3.2,Amazon,10.0,12.0,Neutral,Not Returned,Excellent performance.,Resolved,2023-05-17,Hyderabad,Voltas Bottom Loading Water Dispenser (Model_E160),preeti.5,1.5 Tons,27817.31478845681,3.2
PID479328,Water Dispenser,Bottom Loading,Model_D367,1.5,15.0,7.0,12.0,Compressor Cooling,Hot & Cold,2.0,White,45548.0,2024-04-22,2.0,4.0,Croma,0.0,60.0,Neutral,Not Returned,Delivered with damaged packaging.,Unresolved,2022-08-15,Delhi,Voltas Bottom Loading Water Dispenser (Model_D367),neha.9,1.5 Tons,30365.313089791274,8.0
PID948978,Air Conditioner,Window AC,Model_I450,1.5,50.0,7.0,12.0,Non-Inverter,Turbo Mode,1.0,Black,77367.0,2023-11-09,10.0,4.9,Amazon,5.0,120.0,Positive,Not Returned,Delivered with damaged packaging.,In Progress,2024-05-23,Mumbai,Voltas Window AC Air Conditioner (Model_I450),ajay.5,1.5 Tons,51577.9656146896,49.0
PID123695,Air Conditioner,Split AC,Model_S44,2.0,50.0,7.0,12.0,Non-Inverter,Turbo Mode,3.0,White,36482.0,2023-01-31,5.0,3.7,Amazon,15.0,60.0,Positive,Returned,No issues so far.,Resolved,2022-01-01,Pune,Voltas Split AC AirC onditioner (Model_S44),vikas.shop498,2.0 Tons,18240.99087950456,18.5
PID696217,Refrigerator,Single Door,Model_C106,1.5,180.0,7.0,12.0,Frost Free,StoreFresh+,2.0,Grey,84786.0,2022-09-24,5.0,4.7,Flipkart,15.0,60.0,Neutral,Returned,Noisy operation at night.,In Progress,2022-05-24,Hyderabad,Voltas Single Door Refrigerator (Model_C106),vikas.4,1.5 Tons,56523.962317358455,23.5
PID276650,Dishwasher,Table Top,Model_X335,1.5,50.0,7.0,14.0,Electronic Control,ProSmart Inverter Motor,3.0,Grey,48040.0,2023-06-16,1.0,4.5,Croma,15.0,12.0,Neutral,Not Returned,Noisy operation at night.,In Progress,2022-06-04,Hyderabad,Voltas Table Top Dishwasher (Model_X335),amitreviews742,1.5 Tons,32026.645315569796,4.5
PID800651,Air Conditioner,Split AC,Model_I112,1.5,50.0,7.0,12.0,Non-Inverter,Adjustable Cooling,3.0,Grey,82933.0,2023-10-04,1.0,4.3,Vijay Sales,30.0,12.0,Positive,Not Returned,Delivered with damaged packaging.,In Progress,2023-05-26,Delhi,Voltas Split AC Air Conditioner (Model_I112),anita_india190,1.5 Tons,55288.62980758013,4.3
PID371496,Refrigerator,Bottom Loading,Model_I320,1.5,15.0,7.0,12.0,Compressor Cooling,Hot & Cold,3.0,Grey,54978.0,2022-06-07,10.0,3.6,Amazon,5.0,120.0,Neutral,Not Returned,Delivered with damaged packaging.,In Progress,,Chennai,Voltas Bottom Loading Water Dispenser (Model_I320),preeti.98,1.5 Tons,36651.975565349625,36.0
PID529234,Dishwasher,Full Size,Model_C470,1.5,50.0,7.0,14.0,Electronic Control,ProSmart Inverter Motor,1.0,White,27871.0,2024-03-28,5.0,4.0,Vijay Sales,30.0,60.0,Positive,Returned,Slow installation service.,In Progress,2023-06-24,Bangalore,Voltas Full Size Dishwasher (Model_C470),rajesh_shop1,1.5 Tons,18580.654279563816,20.0
PID305153,Air Cooler,Personal,Model_R355,1.5,90.0,7.0,12.0,Evaporative Cooling,Honeycomb Pads,5.0,Blue,20440.0,2022-07-03,2.0,3.9,Amazon,5.0,24.0,Neutral,Not Returned,Cooling issue after 2 months.,Unresolved,2023-07-16,Mumbai,Voltas Personal Air Cooler (Model_R355),nehareviews31,1.5 Tons,13626.65758222828,7.8
PID408437,Water Dispenser,Bottom Loading,Model_L271,1.5,20.0,7.0,12.0,Compressor Cooling,"Hot, Normal & Cold",3.0,White,45303.0,2022-11-24,1.0,4.5,Vijay Sales,20.0,12.0,Negative,Not Returned,Remote stopped working.,In Progress,2023-08-09,Mumbai,Voltas Bottom Loading Water Dispenser (Model_L271),vikaszone9,1.5 Tons,30201.97986534676,4.5
PID438219,Air Conditioner,Split AC,Model_N13,2.0,50.0,7.0,12.0,Non-Inverter,Self Diagnosis,3.0,Silver,16595.0,2022-01-12,2.0,4.4,Amazon,20.0,24.0,Neutral,Not Returned,No issues so far.,In Progress,2023-08-19,Delhi,Voltas Split AC Air Conditioenr (Model_N13),rahuldeals135,2.0 Tons,8297.495851252073,8.8
PID708146,Washing Machine,Top Load,Model_U436,1.5,50.0,6.5,12.0,Compressor Cooling,GentleWave Drum,3.0,Silver,66488.0,2022-04-30,10.0,4.5,Amazon,30.0,120.0,Positive,Returned,Excellent performance.,Resolved,2022-11-12,Delhi,Voltas Top Load Washing Machine (Model_U436),ishabuyer5,1.5 Tons,44325.30378313081,45.0
PID935897,Air Cooler,Personal,Model_D289,1.5,50.0,7.0,12.0,Compressor Cooling,Remote Control,2.0,Blue,76163.0,,2.0,4.1,Vijay Sales,15.0,24.0,Negative,Returned,Noisy operation at night.,In Progress,2022-10-11,Chennai,Voltas Personal Air Cooler (Model_D289),nehaonline7,1.5 Tons,50775.29948313368,8.2
PID324713,Air Cooler,Desert,Model_P431,1.5,20.0,7.0,12.0,Evaporative Cooling,Remote Control,3.0,White,68786.0,2024-03-18,2.0,3.2,Croma,0.0,24.0,Negative,Returned,Excellent performance.,In Progress,2024-05-17,Chennai,Voltas Desert Air Cooler (Model_P431),vikas.shop193,1.5 Tons,45857.30276179816,6.4
PID695301,Refrigerator,Side-by-Side,Model_Z311,1.5,250.0,7.0,12.0,Direct Cool,Active Fresh Blue Light,1.0,Black,46386.0,2024-06-06,1.0,3.2,Amazon,25.0,12.0,Negative,Returned,Slow installation service.,In Progress,2022-12-07,Ahmedabad,Voltas Side-by-Side Refrigerator (Model_Z311),priya.4,1.5 Tons,30923.979384013743,3.2
PID612575,Air Conditioner,Split AC,Model_P405,1.2,50.0,7.0,12.0,Non-Inverter,ProSmart Inverter Motor,4.0,White,28861.0,2024-04-14,10.0,4.0,Flipkart,10.0,120.0,Neutral,Returned,Slow installation service.,In Progress,2023-01-29,Pune,Voltas Split AC Air Conditioner (Model_P405),ravionline92,1.2 Tons,24050.81329098893,40.0
PID514014,Air Cooler,Tower,Model_B183,1.5,50.0,7.0,12.0,Evaporative Cooling,Remote Control,3.0,Grey,45080.0,2022-12-02,10.0,4.6,Croma,25.0,120.0,Positive,Returned,Noisy operation at night.,In Progress,2024-05-30,Hyderabad,Voltas Tower Air Cooler (Model_B183),swati_9,1.5 Tons,30053.313297791137,46.0
PID239448,Air Conditioner,Bottom Loading,Model_A0,1.0,50.0,7.0,12.0,Non-Inverter,Self Diagnosis,3.0,Black,51317.0,2024-01-04,2.0,3.8,Vijay Sales,20.0,24.0,Negative,Not Returned,Cooling issue after 2 months.,Unresolved,2022-11-04,Bangalore,Voltas Window AC Air Conditioner (Mdoel_Q354),preetishop244,1.0 Tons,51316.94868305132,7.6
PID666577,Air Conditioner,Window AC,Model_N143,1.0,50.0,7.0,12.0,Non-Inverter,Adjustable Cooling,5.0,White,20769.0,2022-04-24,2.0,4.5,Flipkart,15.0,24.0,Neutral,Returned,Remote stopped working.,Unresolved,2023-05-26,Hyderabad,Voltas Window AC Air Conditioner (Model_N143),amit.india954,1.0 Tons,20768.97923102077,9.0
PID543920,Air Conditioner,Split AC,Model_G58,1.5,50.0,7.0,12.0,Non-Inverter,Self Diagnosis,4.0,Silver,70676.0,2024-06-23,10.0,4.0,Vijay Sales,15.0,24.0,Neutral,Returned,Delivered with damaged packaging.,Unresolved,2023-04-21,Delhi,Voltas Split AC Air Conditioner (Model_G58),amit.447,1.5 Tons,47117.30192179872,40.0
PID947406,Air Conditioner,Split AC,Model_S304,1.0,50.0,7.0,12.0,Non-Inverter,Self Diagnosis,3.0,Black,33764.0,2023-08-12,2.0,3.3,Croma,25.0,24.0,Positive,Not Returned,Cooling issue after 2 months.,In Progress,2022-06-05,Chennai,Voltas Split AC Air Conditioner (Model_S304),seema64,1.0 Tons,33763.96623603377,6.6
PID106965,Refrigerator,Side-by-Side,Model_B53,1.5,180.0,7.0,12.0,Compressor Cooling,StoreFresh+,3.0,White,66190.0,2023-09-07,10.0,3.2,Amazon,5.0,120.0,Negative,Returned,Delivered with damaged packaging.,Resolved,2024-01-05,Mumbai,Voltas Side-by-Side Refrigerator (Model_B53),arjun550,1.5 Tons,44126.6372489085,32.0
PID850515,Water Dispenser,Bottom Loading,Model_A208,1.5,15.0,7.0,12.0,Compressor Cooling,Normal & Cold,5.0,Silver,27162.0,2022-03-28,5.0,3.6,Flipkart,0.0,60.0,Neutral,Returned,Noisy operation at night.,In Progress,,Ahmedabad,Voltas Bottom Loading Water Dispenser (Model_A208),rohit.9,1.5 Tons,18107.98792800805,18.0
PID545800,Washing Machine,Front Load,Model_X153,1.5,50.0,6.5,12.0,Fully-Automatic,ProSmart Inverter Motor,4.0,White,54016.0,2023-06-07,2.0,4.4,Vijay Sales,10.0,24.0,Positive,Not Returned,Delivered with damaged packaging.,Unresolved,2024-04-30,Pune,Votlas Front Load Washing Machine (Model_X153),sanjaykart9,1.5 Tons,36010.64265957156,8.8
PID328578,Air Conditioner,Inverter AC,Model_K140,1.2,50.0,7.0,12.0,Inverter,Turbo Mode,1.0,Black,65386.0,2023-03-27,10.0,3.3,Croma,15.0,120.0,Neutral,Not Returned,Excellent performance.,Unresolved,2022-06-18,Chennai,Voltas Inverter AC Air Conditioner (Model_K140),radha.online45,1.2 Tons,54488.28792642673,33.0
PID667909,Water Dispenser,Top Loading,Model_W412,1.5,15.0,7.0,12.0,Compressor Cooling,Normal & Cold,2.0,Grey,66066.0,2023-06-24,1.0,3.3,Flipkart,15.0,12.0,Neutral,Returned,Cooling issue after 2 months.,Unresolved,2022-08-04,Hyderabad,Voltas Top Loading Water Dispenser (Model_W412),rajesh51,1.5 Tons,44043.97063735291,3.3
PID586282,Refrigerator,Side-by-Side,Model_O430,1.5,350.0,7.0,12.0,Direct Cool,StoreFresh+,3.0,White,12067.0,2022-08-11,10.0,3.5,Vijay Sales,10.0,120.0,Neutral,Returned,Cooling issue after 2 months.,Unresolved,2023-05-28,Pune,Voltas Side-by-Sid eRefrigerator (Model_O430),anil_69,1.5 Tons,8044.661303559132,35.0
PID832150,Water Dispenser,Bottom Loading,Model_N65,1.5,15.0,7.0,12.0,Compressor Cooling,Normal & Cold,5.0,Black,64651.0,2023-05-01,10.0,3.5,Croma,0.0,120.0,Neutral,Returned,Slow installation service.,Resolved,2022-05-03,Ahmedabad,Voltas Bottom Loading Water Dispenser (Model_N65),amit.3,1.5 Tons,43100.637932908045,35.0
PID593466,Air Conditioner,Split AC,Model_E108,1.5,50.0,7.0,12.0,Non-Inverter,Turbo Mode,1.0,Grey,33789.0,2023-11-23,1.0,3.1,Flipkart,30.0,12.0,Positive,Not Returned,Noisy operation at night.,In Progress,2022-12-11,Mumbai,Voltas Split AC Air Conditioner (Model_E108),nisha.online6,1.5 Tons,22525.98498267668,3.1
PID227140,Dishwasher,Table Top,Model_X231,1.5,50.0,7.0,15.0,Electronic Control,Hygiene+,1.0,Grey,27615.0,2022-06-21,5.0,3.4,Croma,0.0,60.0,Positive,Not Returned,No issues so far.,Resolved,2023-08-31,Hyderabad,Vlotas Single Door Refrigerator (Model_N325),ajay_user6,1.5 Tons,18409.987726674848,17.0
PID514014,Dishwasher,Table Top,Model_F31,1.5,50.0,7.0,8.0,Electronic Control,ProSmart Inverter Motor,3.0,Blue,15731.0,2022-02-01,1.0,3.2,Croma,10.0,12.0,Positive,Returned,Noisy operation at night.,Unresolved,2022-11-13,Delhi,Voltas Table Top Dishwasher (Model_F31),nisha2,1.5 Tons,10487.32634178244,3.2
PID531880,Refrigerator,Double Door,Model_Z467,1.5,250.0,7.0,12.0,Frost Free,Active Fresh Blue Light,3.0,Blue,11970.0,2023-03-01,5.0,3.5,Vijay Sales,5.0,60.0,Positive,Not Returned,Excellent performance.,In Progress,2023-03-02,Ahmedabad,Voltas Double Door Refrigerator (Model_Z467),mukesh.656,1.5 Tons,7979.994680003547,17.5
PID957833,Refrigerator,Double Door,Model_X413,1.5,350.0,7.0,12.0,Frost Free,StoreFresh+,3.0,Silver,35539.0,2024-05-02,10.0,4.3,Croma,30.0,120.0,Positive,Returned,Excellent performance.,Resolved,2023-08-29,Ahmedabad,Voltas Double Door Refrigerator (Model_X413),suresh.user62,1.5 Tons,23692.65087156609,43.0
PID158813,Water Dispenser,Top Loading,Model_S226,1.5,20.0,7.0,12.0,Compressor Cooling,"Hot, Normal & Cold",2.0,Blue,27154.0,2023-03-05,10.0,4.6,Croma,30.0,120.0,Positive,Not Returned,Excellent performance.,In Progress,2023-04-28,Mumbai,Voltas Top Loading Water Dispenser (Model_S226),radha_deals12,1.5 Tons,18102.65459823027,46.0
PID136993,Washing Machine,Top Load,Model_H137,1.5,50.0,7.0,12.0,Fully-Automatic,SteamWash,1.0,Silver,77951.0,2024-01-05,10.0,3.1,Vijay Sales,30.0,120.0,Neutral,Returned,No issues so far.,In Progress,2024-05-03,Chennai,Voltas Top Load Washing Machine (Model_H137),divya_shop6,1.5 Tons,51967.29868846754,31.0
PID232663,Washing Machine,Bottom Loading,Model_V307,1.5,50.0,9.0,12.0,Fully-Automatic,ProSmart Inverter Motor,1.0,Grey,22299.0,2022-09-22,5.0,3.5,Vijay Sales,15.0,60.0,Negative,Returned,No issues so far.,Resolved,2023-06-16,Hyderabad,Voltas Top Load Washing Machine (Model_V307),sanjay_zone392,1.5 Tons,14865.99008933994,17.5
PID967379,Water Dispenser,Top Loading,Model_J191,1.5,15.0,7.0,12.0,Compressor Cooling,"Hot, Normal & Cold",4.0,Blue,57800.0,2023-07-03,1.0,4.5,Amazon,10.0,12.0,Neutral,Not Returned,Slow installation service.,Unresolved,2024-01-05,Mumbai,Voltas Top Loading Water Dispenser (Model_J191),arjun.77,1.5 Tons,38533.30764446157,4.5
PID753334,Air Conditioner,Inverter AC,Model_F83,2.0,50.0,7.0,12.0,Inverter,Adjustable Cooling,1.0,Grey,78780.0,2022-02-01,5.0,3.1,Vijay Sales,30.0,60.0,Positive,Not Returned,Remote stopped working.,Resolved,2022-09-20,Chennai,Voltas Inverter AC Air Conditioner (Model_F83),rahulkart79,2.0 Tons,39389.98030500984,15.5
PID318309,Washing Machine,Top Load,Model_R433,1.5,50.0,6.5,12.0,Fully-Automatic,SteamWash,1.0,White,73187.0,2023-09-13,10.0,4.7,Vijay Sales,25.0,120.0,Neutral,Not Returned,No issues so far.,Unresolved,2023-08-22,Chennai,Voltas Top Load Washing Machine (Model_R433),seema_online94,1.5 Tons,48791.30080579947,47.0
PID512559,Refrigerator,Desert,Model_O456,1.5,70.0,7.0,12.0,Evaporative Cooling,Ice Chamber,1.0,Black,31993.0,2022-09-08,1.0,3.8,Flipkart,0.0,12.0,Neutral,Returned,Remote stopped working.,Unresolved,2023-11-26,Ahmedabad,Voltas Desert Air Cooler (Model_O456),reenadeals18,1.5 Tons,21328.65244756504,3.8
PID737634,Washing Machine,Front Load,Model_D29,1.5,50.0,7.0,12.0,Fully-Automatic,ProSmart Inverter Motor,3.0,Grey,22133.0,2023-06-27,5.0,4.9,Vijay Sales,20.0,60.0,Negative,Returned,Slow installation service.,Resolved,2023-06-07,Delhi,Voltas Front Load Washing Machine (Model_D29),anilbuyer5,1.5 Tons,14755.323496451005,24.5
PID335142,Refrigerator,Single Door,Model_V21,1.5,250.0,7.0,12.0,Direct Cool,NeoFrost Dual Cooling,1.0,Grey,81794.0,2023-07-19,5.0,3.4,Amazon,0.0,60.0,Positive,Not Returned,Slow installation service.,Resolved,2022-08-22,Ahmedabad,Vlotas Single Door Refrigerator (Model_N325),anita_kart167,1.5 Tons,54529.29698046868,17.0
PID938187,Dishwasher,Full Size,Model_F499,1.5,50.0,7.0,14.0,Electronic Control,Hygiene+,3.0,White,74569.0,2023-12-20,10.0,3.6,Vijay Sales,15.0,120.0,Positive,Not Returned,Slow installation service.,Resolved,2022-09-28,Ahmedabad,Voltas Full Size Dishwasher (Model_F499),anita.22,1.5 Tons,49712.63352491098,36.0
PID839104,Refrigerator,Side-by-Side,Model_A442,1.5,350.0,7.0,12.0,Direct Cool,NeoFrost Dual Cooling,2.0,Grey,75847.0,2022-08-26,2.0,4.6,Vijay Sales,30.0,24.0,Negative,Returned,Remote stopped working.,In Progress,2022-04-24,Pune,Voltas Side-by-Side Refrigerator (Model_A442),ravi_1,1.5 Tons,50564.632956911366,9.2
PID826866,Washing Machine,Front Load,Model_J399,1.5,50.0,7.0,12.0,Fully-Automatic,SteamWash,3.0,Blue,32341.0,2023-03-27,5.0,3.7,Amazon,25.0,60.0,Negative,Not Returned,Remote stopped working.,Unresolved,2022-12-07,Bangalore,Voltas Front Load Washing Machine (Model_J399),pooja4,1.5 Tons,21560.652292898478,18.5
PID584053,Refrigerator,Side-by-Side,Model_A0,1.5,180.0,7.0,12.0,Direct Cool,StoreFresh+,3.0,Black,63342.0,2023-12-21,1.0,4.5,Amazon,30.0,12.0,Positive,Returned,Slow installation service.,Resolved,2024-05-17,Bangalore,Voltas Side-by-Side Refrigerator (Model_D445),rajesh.4,1.5 Tons,42227.97184801877,4.5
PID482383,Dishwasher,Full Size,Model_R95,1.5,50.0,7.0,8.0,Electronic Control,ProSmart Inverter Motor,1.0,Blue,83240.0,2022-02-07,2.0,4.8,Croma,15.0,24.0,Negative,Not Returned,Slow installation service.,Resolved,2024-03-18,Pune,Voltas Full Size Dishwasher (Model_R95),priya_india1,1.5 Tons,55493.29633780244,9.6
PID514014,Air Conditioner,Window AC,Model_F57,2.0,50.0,7.0,12.0,Non-Inverter,Turbo Mode,4.0,Silver,40347.0,2022-01-14,2.0,3.9,Flipkart,20.0,24.0,Negative,Returned,Excellent performance.,In Progress,2024-02-09,Ahmedabad,Vlotas Single Door Refrigerator (Model_N325),nisha_146,2.0 Tons,20173.48991325504,7.8
PID489912,Water Dispenser,Top Loading,Model_J165,1.5,20.0,7.0,12.0,Compressor Cooling,"Hot, Normal & Cold",3.0,White,29546.0,2022-06-28,1.0,4.2,Croma,30.0,12.0,Negative,Returned,Cooling issue after 2 months.,Resolved,2022-09-01,Mumbai,Voltas Top Loading Water Dispenser (Model_J165),neha.73,1.5 Tons,19697.320201786533,4.2
PID840826,Washing Machine,Front Load,Model_V385,1.5,50.0,6.0,12.0,Semi-Automatic,GentleWave Drum,3.0,White,35805.0,2023-07-16,2.0,3.5,Croma,5.0,24.0,Neutral,Not Returned,Excellent performance.,Resolved,2023-08-29,Bangalore,Voltas Front Load Washing Machine (Model_V385),mukesh_user767,1.5 Tons,23869.98408667728,7.0
PID280950,Washing Machine,Top Load,Model_C54,1.5,50.0,9.0,12.0,Fully-Automatic,SteamWash,3.0,Grey,39004.0,2022-12-07,1.0,3.7,Flipkart,10.0,12.0,Neutral,Not Returned,Excellent performance.,Unresolved,,Mumbai,Voltas Top Loa dWashing Machine (Model_C54),radha_80,1.5 Tons,26002.649331567118,3.7
PID748800,Washing Machine,Front Load,Model_L349,1.5,50.0,6.0,12.0,Fully-Automatic,ProSmart Inverter Motor,4.0,Black,39715.0,2022-10-30,5.0,4.6,Amazon,20.0,60.0,Positive,Not Returned,Excellent performance.,In Progress,2024-01-13,Delhi,Voltas Front Load Washing Machine (Model_L349),anil_user6,1.5 Tons,26476.649015567324,23.0
PID496691,Air Cooler,Tower,Model_Z207,1.5,70.0,7.0,12.0,Evaporative Cooling,Honeycomb Pads,3.0,Grey,55190.0,2022-09-27,5.0,4.8,Croma,30.0,60.0,Negative,Returned,Slow installation service.,Resolved,2022-05-14,Bangalore,Voltas Tower Air Cooler (Model_Z207),pooja_63,1.5 Tons,36793.3088044608,24.0
PID830085,Water Dispenser,Bottom Loading,Model_A364,1.5,20.0,7.0,12.0,Compressor Cooling,"Hot, Normal & Cold",3.0,Silver,78035.0,2023-12-18,10.0,4.0,Amazon,15.0,24.0,Positive,Not Returned,No issues so far.,Resolved,2022-01-19,Pune,Voltas Bottom Loading Water Dispenser (Model_A364),rahul.user558,1.5 Tons,52023.29865113424,40.0
PID582152,Washing Machine,Front Load,Model_V151,1.5,50.0,8.0,12.0,Semi-Automatic,GentleWave Drum,5.0,Black,75763.0,2024-06-26,5.0,3.7,Amazon,0.0,60.0,Positive,Not Returned,No issues so far.,In Progress,2023-09-27,Chennai,Voltas Front Load WashingM achine (Model_V151),ishaindia87,1.5 Tons,50508.63299424468,18.5
PID182086,Washing Machine,Top Load,Model_C132,1.5,50.0,6.5,12.0,Fully-Automatic,GentleWave Drum,3.0,Silver,32829.0,2022-03-13,2.0,3.6,Flipkart,15.0,24.0,Negative,Not Returned,No issues so far.,In Progress,2022-12-19,Chennai,Voltas Top Load Washing Machine (Model_C132),anita.buyer189,1.5 Tons,21885.985409343062,7.2
PID500559,Dishwasher,Table Top,Model_K88,1.5,50.0,7.0,8.0,Electronic Control,Hygiene+,4.0,Silver,72048.0,2023-04-24,2.0,4.6,Amazon,25.0,24.0,Negative,Returned,Slow installation service.,In Progress,2024-01-01,Delhi,Voltas Table Top Dishwasher (Model_K88),mohan.shop4,1.5 Tons,48031.967978688015,9.2
PID828372,Dishwasher,Full Size,Model_I164,1.5,50.0,7.0,8.0,Electronic Control,Hygiene+,5.0,Black,21527.0,2023-02-26,10.0,3.8,Vijay Sales,25.0,120.0,Neutral,Returned,Remote stopped working.,Resolved,2022-05-20,Mumbai,Voltas Full Size Dishwasher (Model_I164),priya.india047,1.5 Tons,14351.323765784156,38.0
PID478104,Water Dispenser,Top Loading,Model_I242,1.5,20.0,7.0,12.0,Compressor Cooling,Hot & Cold,5.0,Silver,25742.0,2024-04-07,5.0,3.6,Amazon,20.0,60.0,Positive,Not Returned,Cooling issue after 2 months.,In Progress,2022-03-02,Delhi,Voltas Top Loading Water Dispenser (Model_I242),nisha_354,1.5 Tons,17161.321892452073,18.0
PID842796,Dishwasher,Full Size,Model_V125,1.5,50.0,7.0,15.0,Electronic Control,Hygiene+,4.0,Blue,16918.0,2023-08-03,2.0,3.1,Flipkart,10.0,24.0,Neutral,Returned,Cooling issue after 2 months.,Unresolved,2024-01-28,Hyderabad,Voltas Full Size Dishwasher (Model_V125),vinod.0,1.5 Tons,11278.65914756057,6.2
PID628269,Dishwasher,Table Top,Model_J373,1.5,50.0,7.0,8.0,Electronic Control,ProSmart Inverter Motor,5.0,White,19900.0,2022-04-09,5.0,4.0,Amazon,0.0,60.0,Negative,Not Returned,Excellent performance.,Resolved,2024-04-05,Mumbai,Voltas Table Top Dishwasher (Model_J373),deepadeals479,1.5 Tons,13266.65782222812,20.0
PID609392,Washing Machine,Top Load,Model_O222,1.5,50.0,8.0,12.0,Semi-Automatic,GentleWave Drum,5.0,Silver,41122.0,2022-07-03,10.0,3.3,Croma,20.0,120.0,Positive,Returned,Slow installation service.,In Progress,2022-09-24,Chennai,Voltas Top Load Washing Machine (Model_O222),rohit.779,1.5 Tons,27414.648390234408,33.0
PID326809,Water Dispenser,Top Loading,Model_Q94,1.5,20.0,7.0,12.0,Compressor Cooling,Hot & Cold,3.0,White,48865.0,2022-08-31,10.0,4.8,Croma,5.0,120.0,Negative,Not Returned,Slow installation service.,Resolved,2024-03-20,Hyderabad,Voltas Top Loading Water Dispenser (Model_Q94),mukesh.buyer896,1.5 Tons,32576.64494890337,48.0
PID623558,Water Dispenser,Bottom Loading,Model_E290,1.5,20.0,7.0,12.0,Compressor Cooling,"Hot, Normal & Cold",4.0,Blue,46386.0,2022-01-26,1.0,3.1,Amazon,25.0,12.0,Negative,Not Returned,Excellent performance.,In Progress,2023-07-21,Ahmedabad,Vlotas Single Door Refrigerator (Model_N325),preeti.buyer7,1.5 Tons,30923.979384013743,3.1
PID591000,Refrigerator,Single Door,Model_A104,1.5,550.0,7.0,12.0,Frost Free,NeoFrost Dual Cooling,3.0,Black,49070.0,2022-12-11,5.0,4.6,Croma,15.0,60.0,Neutral,Not Returned,Noisy operation at night.,In Progress,2022-09-02,Hyderabad,Voltas Single Door Refrigerator (Model_A104),sanjay7,1.5 Tons,32713.311524458983,23.0
PID910094,Dishwasher,Full Size,Model_P301,1.5,50.0,7.0,14.0,Electronic Control,Hygiene+,5.0,Blue,79021.0,2023-10-26,10.0,3.1,Croma,15.0,120.0,Negative,Not Returned,Delivered with damaged packaging.,In Progress,2022-06-18,Chennai,Voltas Full Size Dishwasher (Model_P301),ajayuser19,1.5 Tons,52680.63154624564,31.0
PID308270,Refrigerator,Single Door,Model_O352,1.5,350.0,7.0,12.0,Direct Cool,NeoFrost Dual Cooling,4.0,Black,68556.0,2023-08-03,1.0,3.8,Amazon,15.0,12.0,Neutral,Not Returned,No issues so far.,Resolved,2024-04-04,Bangalore,Voltas Single Door Refrigerator (Model_O352),arjunshop609,1.5 Tons,45703.96953068698,3.8
PID942893,Washing Machine,Front Load,Model_L11,1.5,50.0,6.5,12.0,Semi-Automatic,SteamWash,5.0,Blue,25661.0,2023-08-24,5.0,4.7,Croma,15.0,60.0,Positive,Returned,Cooling issue after 2 months.,Unresolved,2023-10-23,Hyderabad,Voltas Front Load Washing Machine (Model_L11),komalonline8,1.5 Tons,17107.32192845205,23.5
PID415905,Refrigerator,Side-by-Side,Model_J347,1.5,180.0,7.0,12.0,Direct Cool,Active Fresh Blue Light,2.0,Silver,68471.0,2022-01-30,2.0,4.6,Flipkart,15.0,24.0,Positive,Returned,Slow installation service.,Unresolved,2022-11-10,Hyderabad,Voltas Side-by-Side Refrigerator (Model_J347),priya.india547,1.5 Tons,45647.30290179807,9.2
PID481514,Refrigerator,Double Door,Model_W308,1.5,450.0,7.0,12.0,Direct Cool,Active Fresh Blue Light,3.0,White,40388.0,2022-02-19,1.0,3.6,Vijay Sales,0.0,12.0,Neutral,Not Returned,Excellent performance.,Unresolved,2023-10-23,Hyderabad,Voltas Double DoorR efrigerator (Model_W308),mukesh987,1.5 Tons,26925.31538312308,3.6
PID940490,Dishwasher,Full Size,Model_Y388,1.5,50.0,7.0,12.0,Electronic Control,Hygiene+,3.0,Black,51462.0,2022-01-26,1.0,4.4,Flipkart,20.0,12.0,Positive,Not Returned,Noisy operation at night.,Unresolved,2023-05-31,Ahmedabad,Voltas Full Size Dishwasher (Model_Y388),rahul0,1.5 Tons,34307.97712801525,4.4
PID377001,Washing Machine,Front Load,Model_N351,1.5,50.0,7.0,12.0,Fully-Automatic,ProSmart Inverter Motor,3.0,Black,70759.0,2024-01-07,10.0,4.9,Amazon,0.0,120.0,Neutral,Not Returned,Excellent performance.,Unresolved,2024-04-04,Pune,Voltas Front Load Washing Machine (Model_N351),shilpa.107,1.5 Tons,47172.63521824319,49.0
PID346527,Refrigerator,Double Door,Model_O66,1.5,180.0,7.0,12.0,Frost Free,StoreFresh+,3.0,White,58059.0,2022-01-24,10.0,4.4,Vijay Sales,20.0,120.0,Neutral,Returned,Cooling issue after 2 months.,Resolved,2022-09-27,Delhi,Voltas Double Door Refrigerator (Model_O66),nisha.online161,1.5 Tons,38705.9741960172,44.0
PID459735,Air Cooler,Personal,Model_S174,1.5,50.0,7.0,12.0,Evaporative Cooling,Ice Chamber,3.0,Silver,67662.0,2023-05-03,5.0,3.9,Croma,15.0,60.0,Positive,Not Returned,No issues so far.,Unresolved,2022-08-07,Pune,Voltas Personal Air Cooler (Model_S174),rohitbuyer3,1.5 Tons,45107.96992802005,19.5
PID787203,Air Conditioner,Inverter AC,Model_Y180,1.2,50.0,7.0,12.0,Inverter,Self Diagnosis,3.0,Black,25524.0,2024-06-30,1.0,4.0,Amazon,15.0,12.0,Neutral,Returned,Excellent performance.,Unresolved,2022-12-23,Ahmedabad,Voltas Inverter AC Air Conditioner (Model_Y180),vikas567,1.2 Tons,21269.98227501477,4.0
PID131741,Dishwasher,Full Size,Model_K374,1.5,50.0,7.0,15.0,Electronic Control,AquaIntense,2.0,Grey,78999.0,2023-01-29,10.0,3.8,Croma,10.0,120.0,Negative,Returned,Excellent performance.,In Progress,2023-12-26,Ahmedabad,Voltas Full Size Dishwasher (Model_K374),komal_908,1.5 Tons,52665.96488935674,38.0
PID514014,Dishwasher,Table Top,Model_I34,1.5,50.0,7.0,8.0,Electronic Control,Hygiene+,5.0,Grey,46386.0,2024-03-17,5.0,4.8,Flipkart,30.0,24.0,Negative,Returned,Remote stopped working.,In Progress,2023-06-26,Hyderabad,Voltas Table Top Dishwasher (Model_I34),sanjaybuyer8,1.5 Tons,30923.979384013743,24.0
PID901929,Water Dispenser,Top Loading,Model_J217,1.5,15.0,7.0,12.0,Compressor Cooling,"Hot, Normal & Cold",5.0,White,32973.0,2023-06-05,10.0,3.7,Flipkart,25.0,120.0,Neutral,Not Returned,No issues so far.,In Progress,2022-01-07,Hyderabad,Voltas Top Loading Water Dispenser (Model_J217),kiran_01,1.5 Tons,21981.985345343102,37.0
PID263681,Washing Machine,Front Load,Model_X361,1.5,50.0,6.5,12.0,Fully-Automatic,ProSmart Inverter Motor,4.0,Silver,77277.0,2023-12-25,2.0,3.0,Vijay Sales,20.0,24.0,Negative,Not Returned,Excellent performance.,In Progress,2023-04-20,Hyderabad,Voltas Front Load Washing Machine (Model_X361),mukesh.india59,1.5 Tons,51517.96565468957,6.0
PID729446,Dishwasher,Table Top,Model_W48,1.5,50.0,7.0,8.0,Electronic Control,AquaIntense,3.0,Grey,9148.0,2022-12-12,5.0,4.4,Vijay Sales,0.0,60.0,Neutral,Not Returned,Excellent performance.,Unresolved,2024-04-11,Mumbai,Voltas Table Top Dishwasher (Model_W48),kiran.online4,1.5 Tons,6098.6626008916,22.0
PID978874,Air Conditioner,Window AC,Model_G214,1.5,50.0,7.0,12.0,Non-Inverter,Turbo Mode,5.0,Silver,69521.0,2024-03-22,10.0,3.1,Flipkart,30.0,120.0,Neutral,Returned,Excellent performance.,Resolved,2022-09-01,Chennai,Voltas Window AC Air Conditoiner (Model_G214),preeti.deals12,1.5 Tons,46347.302435131714,31.0
PID785454,Water Dispenser,Top Loading,Model_H475,1.5,15.0,7.0,12.0,Compressor Cooling,"Hot, Normal & Cold",2.0,Black,79445.0,2022-02-20,10.0,3.7,Croma,30.0,120.0,Neutral,Not Returned,Excellent performance.,Resolved,2023-10-12,Ahmedabad,Voltas Top Loading Water Dispenser (Model_H475),deepakart1,1.5 Tons,52963.29802446799,37.0
PID285302,Refrigerator,Double Door,Model_W386,1.5,550.0,7.0,12.0,Frost Free,NeoFrost Dual Cooling,1.0,Silver,16114.0,2022-07-15,2.0,4.8,Croma,20.0,24.0,Neutral,Not Returned,Remote stopped working.,In Progress,2023-01-17,Chennai,Voltas Double Door Refrigerator (Model_W386),vikas_reviews55,1.5 Tons,10742.659504893663,9.6
PID912291,Air Cooler,Personal,Model_A260,1.5,50.0,7.0,12.0,Evaporative Cooling,Remote Control,3.0,Blue,27146.0,2024-06-28,10.0,4.8,Croma,5.0,120.0,Neutral,Not Returned,Noisy operation at night.,In Progress,2023-01-21,Hyderabad,Voltas Personal Air Cooler (Model_A260),preeti.2,1.5 Tons,18097.321268452488,48.0
PID108644,Air Conditioner,Inverter AC,Model_C2,1.0,50.0,7.0,12.0,Inverter,Turbo Mode,4.0,Silver,55135.0,2023-08-04,5.0,5.0,Amazon,25.0,60.0,Positive,Not Returned,Delivered with damaged packaging.,Resolved,,Mumbai,Voltas Inverter AC Air Conditioner (Model_C2),ajay7,1.0 Tons,55134.94486505514,25.0
PID255477,Air Cooler,Personal,Model_A0,1.5,70.0,7.0,12.0,Evaporative Cooling,Ice Chamber,3.0,Silver,78045.0,2023-11-28,1.0,3.7,Amazon,10.0,12.0,Positive,Not Returned,Delivered with damaged packaging.,In Progress,2022-12-23,Mumbai,Voltas Personal Air Cooler (Model_T123),seema.deals87,1.5 Tons,52029.96531335646,3.7
PID736902,Dishwasher,Table Top,Model_X49,1.5,50.0,7.0,15.0,Electronic Control,AquaIntense,5.0,Grey,21616.0,2022-10-18,2.0,4.6,Amazon,10.0,24.0,Positive,Not Returned,Excellent performance.,Resolved,2022-06-28,Delhi,Voltas Table Top Dishwasher (Model_X49),reena_056,1.5 Tons,14410.65705956196,9.2
PID560846,Dishwasher,Table Top,Model_Q276,1.5,50.0,7.0,14.0,Electronic Control,AquaIntense,5.0,Grey,79763.0,2022-04-17,2.0,4.0,Vijay Sales,10.0,24.0,Negative,Not Returned,Slow installation service.,Unresolved,2024-01-21,Bangalore,Voltas Table Top Dishwashe r(Model_Q276),priyadeals185,1.5 Tons,53175.29788313475,8.0
PID567417,Water Dispenser,Top Loading,Model_Z25,1.5,20.0,7.0,12.0,Compressor Cooling,"Hot, Normal & Cold",1.0,Black,23601.0,2023-01-23,5.0,4.2,Croma,15.0,60.0,Negative,Returned,No issues so far.,Unresolved,2023-01-19,Bangalore,Voltas Top Loading Water Dispenser (Model_Z25),mohan.deals94,1.5 Tons,15733.98951067366,21.0
PID916123,Air Cooler,Personal,Model_A52,1.5,20.0,7.0,12.0,Evaporative Cooling,Remote Control,3.0,Grey,39408.0,2022-01-14,10.0,3.1,Amazon,10.0,120.0,Neutral,Not Returned,Remote stopped working.,In Progress,2023-06-08,Mumbai,Voltas Personal Air Cooler (Model_A52),nehashop92,1.5 Tons,26271.98248534501,31.0
PID304381,Refrigerator,Double Door,Model_J9,1.5,250.0,7.0,12.0,Compressor Cooling,StoreFresh+,5.0,Silver,63016.0,2022-05-30,2.0,4.6,Croma,30.0,24.0,Positive,Returned,Excellent performance.,Resolved,2022-08-22,Chennai,Voltas Double Door Refrigerator (Model_J9),ajay_reviews6,1.5 Tons,42010.63865957423,9.2
PID631495,Refrigerator,Double Door,Model_L141,1.5,550.0,7.0,12.0,Direct Cool,StoreFresh+,4.0,White,17287.0,2023-01-13,2.0,4.0,Amazon,5.0,24.0,Positive,Not Returned,Noisy operation at night.,In Progress,2024-03-21,Hyderabad,Voltas Double Door Refrigerator (Model_L141),deepa.india16,1.5 Tons,11524.658983560676,8.0
PID766792,Dishwasher,Full Size,Model_K348,1.5,50.0,7.0,15.0,Electronic Control,ProSmart Inverter Motor,1.0,Grey,66697.0,2023-09-02,1.0,3.8,Vijay Sales,20.0,12.0,Negative,Not Returned,Delivered with damaged packaging.,In Progress,2023-09-19,Bangalore,Voltas Full Size Dishwasher (Model_K348),arjun.express236,1.5 Tons,44464.63702357532,3.8
PID796565,Washing Machine,Top Load,Model_Z441,1.5,50.0,7.0,12.0,Fully-Automatic,SteamWash,3.0,Blue,81860.0,2024-05-01,2.0,3.6,Vijay Sales,0.0,24.0,Negative,Not Returned,Noisy operation at night.,In Progress,2023-05-10,Mumbai,Voltas Top Load Washing Machine (Model_Z441),komal.450,1.5 Tons,54573.296951135366,7.2
PID129616,Air Conditioner,Inverter AC,Model_J269,1.2,50.0,7.0,12.0,Inverter,Turbo Mode,1.0,Black,32197.0,2023-12-31,2.0,4.8,Amazon,25.0,24.0,Neutral,Not Returned,Noisy operation at night.,Resolved,2023-08-30,Mumbai,Voltas Inverter ACA ir Conditioner (Model_J269),deepa6,1.2 Tons,26830.81097432419,9.6
PID731532,Air Conditioner,Inverter AC,Model_T19,2.0,50.0,7.0,12.0,Inverter,Adjustable Cooling,2.0,Blue,13538.0,2023-04-03,1.0,3.8,Flipkart,15.0,12.0,Neutral,Returned,Excellent performance.,Resolved,2024-03-31,Pune,Voltas Inverter AC Air Conditioner (Model_T19),radha.5,2.0 Tons,6768.996615501692,3.8
PID128402,Air Conditioner,Window AC,Model_U46,1.5,50.0,7.0,12.0,Non-Inverter,Turbo Mode,4.0,Grey,70167.0,2024-04-29,5.0,4.9,Amazon,20.0,60.0,Negative,Returned,Excellent performance.,Resolved,2023-06-08,Bangalore,Voltas Window AC Air Conditioner (Model_U46),arjun.express76,1.5 Tons,46777.96881468746,24.5
PID858484,Washing Machine,Front Load,Model_V229,1.5,50.0,9.0,12.0,Semi-Automatic,ProSmart Inverter Motor,2.0,Blue,47743.0,2023-08-16,10.0,4.6,Croma,10.0,120.0,Neutral,Not Returned,No issues so far.,In Progress,2023-06-06,Delhi,Voltas Front Load Washing Machine (Model_V229),radha_542,1.5 Tons,31828.645447569703,46.0
PID280484,Washing Machine,Top Load,Model_F473,1.5,50.0,9.0,12.0,Fully-Automatic,GentleWave Drum,3.0,Black,82516.0,2024-03-08,1.0,4.0,Flipkart,30.0,12.0,Positive,Returned,Remote stopped working.,Unresolved,2022-12-29,Delhi,Voltas Top Load Washing Machine (Model_F473),ajayshop755,1.5 Tons,55010.62999291334,4.0
PID714929,Dishwasher,Table Top,Model_A494,1.5,50.0,7.0,8.0,Electronic Control,Hygiene+,3.0,Silver,68458.0,2023-04-11,1.0,3.3,Vijay Sales,10.0,12.0,Positive,Not Returned,No issues so far.,Unresolved,2022-11-22,Hyderabad,Voltas Table Top Dishwasher (Model_A494),seema18,1.5 Tons,45638.63624090917,3.3
PID378072,Refrigerator,Side-by-Side,Model_I294,1.5,180.0,7.0,12.0,Direct Cool,StoreFresh+,1.0,Black,60205.0,2022-10-12,2.0,3.7,Croma,30.0,24.0,Neutral,Returned,Excellent performance.,Unresolved,2023-06-03,Delhi,Voltas Side-by-Side Refrigerator (Model_I294),rahul489,1.5 Tons,40136.63990890673,7.4
PID510862,Air Cooler,Personal,Model_U98,1.5,70.0,7.0,12.0,Evaporative Cooling,Remote Control,2.0,Silver,44194.0,2023-08-14,2.0,3.5,Amazon,15.0,24.0,Negative,Returned,Noisy operation at night.,Resolved,2023-02-22,Mumbai,Voltas Personal Air Cooler (Model_U98),neha_buyer323,1.5 Tons,29462.647024901984,7.0
PID790769,Refrigerator,Bottom Loading,Model_I138,1.5,15.0,7.0,12.0,Compressor Cooling,"Hot, Normal & Cold",3.0,Silver,40810.0,2022-07-01,1.0,3.4,Amazon,20.0,12.0,Negative,Not Returned,Slow installation service.,In Progress,2023-10-25,Delhi,Voltas Bottom Loading Water Dispenser (Model_I138),reena_buyer3,1.5 Tons,27206.648528900983,3.4
PID721232,Refrigerator,Double Door,Model_Y284,1.5,250.0,7.0,12.0,Direct Cool,NeoFrost Dual Cooling,3.0,White,10369.0,2022-01-24,1.0,4.0,Croma,25.0,12.0,Neutral,Not Returned,Slow installation service.,Unresolved,2022-09-29,Bangalore,Voltas Double Door Refrigerator (Model_Y284),seema641,1.5 Tons,6912.662058225295,4.0
PID327284,Air Cooler,Personal,Model_G32,1.5,50.0,7.0,12.0,Evaporative Cooling,Honeycomb Pads,5.0,Grey,72198.0,2022-01-04,10.0,3.5,Vijay Sales,30.0,120.0,Positive,Returned,Excellent performance.,Unresolved,2022-06-29,Hyderabad,Voltas Personal Air Cooler (Model_G32),neha_reviews109,1.5 Tons,48131.96791202139,35.0
PID388769,Air Conditioner,Bottom Loading,Model_P197,1.2,50.0,7.0,12.0,Inverter,Self Diagnosis,5.0,Grey,67546.0,2023-10-07,1.0,4.0,Amazon,10.0,12.0,Positive,Not Returned,Noisy operation at night.,Unresolved,2024-03-08,Pune,Voltas Inverter AC Air Conditioner (Model_P197),divya.india8,1.2 Tons,56288.28642642799,4.0
PID916503,Water Dispenser,Bottom Loading,Model_U20,1.5,15.0,7.0,12.0,Compressor Cooling,"Hot, Normal & Cold",5.0,Silver,74437.0,2024-05-06,10.0,4.8,Amazon,25.0,120.0,Neutral,Not Returned,Slow installation service.,In Progress,2023-12-23,Chennai,Voltas Bottom Loading Water Dispenser (Model_U20),kiran.user30,1.5 Tons,49624.63358357761,48.0
PID545176,Refrigerator,Double Door,Model_M168,1.5,350.0,7.0,12.0,Direct Cool,Active Fresh Blue Light,2.0,Blue,14776.0,2022-12-19,5.0,4.1,Amazon,10.0,60.0,Neutral,Returned,Slow installation service.,Resolved,2022-11-07,Hyderabad,Voltas Double Door Refrigerator (Model_M168),seema.9,1.5 Tons,9850.660099559936,20.5
PID629134,Dishwasher,Table Top,Model_U150,1.5,50.0,7.0,14.0,Electronic Control,ProSmart Inverter Motor,3.0,White,59152.0,2024-04-06,10.0,4.6,Flipkart,20.0,120.0,Neutral,Not Returned,Cooling issue after 2 months.,Unresolved,2023-05-24,Bangalore,Voltas Table Top Dishwasher (Model_U150),suresh_shop7,1.5 Tons,39434.64037690642,46.0
PID608976,Air Cooler,Desert,Model_A156,1.5,20.0,7.0,12.0,Evaporative Cooling,Honeycomb Pads,5.0,Grey,14608.0,2022-12-31,2.0,3.6,Flipkart,10.0,24.0,Negative,Not Returned,Remote stopped working.,In Progress,2023-07-22,Delhi,Voltas Desert Air Cooler (Model_A156),sanjay.user79,1.5 Tons,9738.66017422655,7.2
PID888824,Dishwasher,Full Size,Model_Q16,1.5,50.0,7.0,14.0,Electronic Control,Hygiene+,5.0,Blue,52447.0,2022-08-11,2.0,4.9,Vijay Sales,30.0,24.0,Positive,Not Returned,Remote stopped working.,In Progress,2022-01-24,Bangalore,Voltas Full Size Dishwasher (Model_Q16),anil_user4,1.5 Tons,34964.64335690443,9.8
PID692540,Refrigerator,Single Door,Model_L167,1.5,350.0,7.0,12.0,Frost Free,StoreFresh+,2.0,Grey,33214.0,2023-12-24,1.0,4.6,Croma,15.0,12.0,Positive,Returned,Remote stopped working.,Unresolved,2023-10-27,Hyderabad,Voltas Single Door Refrigerator (Model_L167),radha63,1.5 Tons,22142.65190489873,4.6
PID675151,Refrigerator,Side-by-Side,Model_M376,1.5,550.0,7.0,12.0,Direct Cool,StoreFresh+,5.0,White,71359.0,2023-06-23,10.0,3.4,Croma,5.0,120.0,Positive,Not Returned,Excellent performance.,Resolved,2023-07-03,Chennai,Voltas Side-by-Side Refrigerator (Model_M376),ravi.online880,1.5 Tons,47572.6349515767,34.0
PID767013,Washing Machine,Top Load,Model_N377,1.5,50.0,7.0,12.0,Semi-Automatic,ProSmart Inverter Motor,5.0,Grey,53013.0,2023-04-23,2.0,3.7,Croma,10.0,120.0,Negative,Not Returned,Remote stopped working.,Resolved,2022-08-22,Hyderabad,Voltas Top Load Washing Machine (Model_N377),ravi.shop81,1.5 Tons,35341.97643868237,7.4
PID404474,Refrigerator,Side-by-Side,Model_E368,1.5,350.0,7.0,12.0,Direct Cool,StoreFresh+,1.0,Blue,19970.0,2023-02-12,2.0,3.4,Amazon,20.0,24.0,Negative,Not Returned,Noisy operation at night.,In Progress,2024-03-29,Pune,Voltas Side-by-Side Refrigerator (Model_E368),nehauser9,1.5 Tons,13313.324457783696,6.8
PID182348,Dishwasher,Full Size,Model_R225,1.5,50.0,7.0,15.0,Compressor Cooling,Hygiene+,4.0,White,38836.0,2023-12-09,2.0,4.5,Amazon,15.0,24.0,Neutral,Returned,Noisy operation at night.,Resolved,2023-01-01,Hyderabad,Voltas Full Size Dishwasher (Model_R225),sanjaydeals706,1.5 Tons,25890.64940623373,9.0
PID692934,Air Cooler,Personal,Model_A130,1.5,50.0,7.0,12.0,Evaporative Cooling,Remote Control,1.0,Silver,39256.0,2023-09-17,10.0,4.3,Amazon,20.0,120.0,Neutral,Returned,Excellent performance.,Resolved,2022-12-20,Delhi,Voltas Personal Air Cooler (Model_A130),ajay0,1.5 Tons,26170.64921956719,43.0
PID208221,Washing Machine,Front Load,Model_H319,1.5,50.0,6.0,12.0,Semi-Automatic,SteamWash,2.0,Blue,31862.0,2022-06-14,2.0,4.0,Croma,30.0,24.0,Neutral,Returned,Delivered with damaged packaging.,Unresolved,2023-09-11,Hyderabad,Voltas Front Load Washing Machine (Model_H319),swatikart045,1.5 Tons,21241.319172453885,8.0
PID621977,Air Cooler,Personal,Model_A0,1.5,70.0,7.0,12.0,Evaporative Cooling,Remote Control,4.0,Grey,17858.0,,2.0,3.9,Amazon,20.0,120.0,Positive,Not Returned,Excellent performance.,In Progress,2022-07-30,Chennai,Voltas Personal Air Cooler (Model_Y336),vinod_2,1.5 Tons,11905.325396449736,7.8
PID433097,Dishwasher,Table Top,Model_N299,1.5,50.0,7.0,12.0,Electronic Control,ProSmart Inverter Motor,3.0,Blue,39733.0,2023-03-02,10.0,3.9,Amazon,5.0,120.0,Positive,Not Returned,Delivered with damaged packaging.,Resolved,2023-08-28,Delhi,Voltas Table Top Dishwasher (Model_N299),arjun_20,1.5 Tons,26488.64900756733,39.0
PID713967,Washing Machine,Front Load,Model_J321,1.5,50.0,9.0,12.0,Fully-Automatic,ProSmart Inverter Motor,4.0,Grey,46717.0,2023-10-13,2.0,4.0,Vijay Sales,10.0,60.0,Neutral,Returned,Delivered with damaged packaging.,Resolved,2023-02-27,Delhi,Voltas Front Load Washing Machine (Model_J321),anita.2,1.5 Tons,31144.6459035694,8.0
PID430190,Washing Machine,Top Load,Model_B495,1.5,50.0,6.5,12.0,Semi-Automatic,GentleWave Drum,3.0,Grey,13928.0,2023-06-20,10.0,4.5,Vijay Sales,20.0,120.0,Negative,Returned,Remote stopped working.,Resolved,2022-08-21,Pune,Voltas Top LoadW ashing Machine (Model_B495),vinod9,1.5 Tons,9285.32714311524,45.0
PID963073,Air Cooler,Desert,Model_K62,1.5,70.0,7.0,12.0,Evaporative Cooling,Ice Chamber,3.0,Grey,10636.0,,2.0,3.7,Flipkart,10.0,24.0,Neutral,Returned,Excellent performance.,Unresolved,2022-06-06,Bangalore,Voltas Desert Air Cooler (Model_K62),deepaindia150,1.5 Tons,7090.661939558708,7.4
PID275253,Refrigerator,Single Door,Model_Z129,1.5,50.0,7.0,12.0,Frost Free,StoreFresh+,5.0,Black,56407.0,2024-06-16,2.0,3.1,Croma,15.0,24.0,Neutral,Not Returned,Remote stopped working.,Resolved,2022-03-28,Hyderabad,Voltas Single Door Refrigerator (Model_Z129),vikasexpress2,1.5 Tons,37604.6415969056,6.2
PID848290,Water Dispenser,Top Loading,Model_A0,1.5,20.0,7.0,12.0,Compressor Cooling,Normal & Cold,5.0,Silver,21241.0,2023-05-09,5.0,3.5,Croma,0.0,24.0,Positive,Not Returned,Excellent performance.,In Progress,2023-12-01,Bangalore,Voltas Top Loading Water Dispenser (Model_J35),rohit_966,1.5 Tons,14160.657226228515,17.5
PID371392,Washing Machine,Top Load,Model_B235,1.5,50.0,8.0,12.0,Semi-Automatic,ProSmart Inverter Motor,3.0,Silver,11120.0,2022-03-31,10.0,4.7,Amazon,5.0,120.0,Negative,Not Returned,Delivered with damaged packaging.,In Progress,2023-04-12,Delhi,Voltas Top Load Washing Machine (Model_B235),priya992,1.5 Tons,7413.328391114406,47.0
PID176937,Dishwasher,Full Size,Model_A0,1.5,50.0,7.0,12.0,Electronic Control,AquaIntense,1.0,Silver,84281.0,2023-09-22,5.0,4.8,Croma,15.0,60.0,Positive,Not Returned,No issues so far.,In Progress,2022-10-02,Hyderabad,Voltas Full Size Dihswasher (Model_P93),priya_user737,1.5 Tons,56187.295875136086,24.0
PID890270,Water Dispenser,Top Loading,Model_Q42,1.5,15.0,7.0,12.0,Compressor Cooling,Hot & Cold,5.0,Grey,46511.0,2023-11-12,5.0,4.0,Vijay Sales,25.0,60.0,Negative,Not Returned,Noisy operation at night.,Resolved,2022-02-15,Chennai,Voltas Top Loading Water Dispenser (Model_Q42),neha_deals99,1.5 Tons,31007.31266179156,20.0
PID853697,Dishwasher,Full Size,Model_H189,1.5,50.0,7.0,12.0,Electronic Control,Hygiene+,3.0,Black,19414.0,2022-08-03,5.0,3.9,Amazon,25.0,60.0,Neutral,Not Returned,Slow installation service.,Resolved,2022-12-27,Chennai,Voltas Full Size Dishwasher (Model_H189),ajaydeals2,1.5 Tons,12942.658038227975,19.5
PID276943,Air Cooler,Personal,Model_T357,1.5,70.0,7.0,12.0,Evaporative Cooling,Ice Chamber,4.0,Grey,72790.0,2024-02-07,5.0,4.2,Flipkart,10.0,60.0,Positive,Not Returned,Remote stopped working.,In Progress,2024-05-22,Pune,Voltas Personal Air Cooler (Model_T357),kiran_204,1.5 Tons,48526.634315577125,21.0
PID946307,Air Cooler,Desert,Model_S148,1.5,50.0,7.0,12.0,Evaporative Cooling,Ice Chamber,4.0,Black,72662.0,2023-08-11,10.0,3.0,Croma,30.0,120.0,Positive,Returned,Remote stopped working.,In Progress,2022-10-25,Pune,VoltasD esert Air Cooler (Model_S148),shilpakart65,1.5 Tons,48441.301039132646,30.0
PID178724,Washing Machine,Front Load,Model_S122,1.5,50.0,8.0,12.0,Fully-Automatic,ProSmart Inverter Motor,4.0,Grey,71567.0,2024-04-27,1.0,3.9,Amazon,5.0,12.0,Negative,Not Returned,Cooling issue after 2 months.,Resolved,2022-08-09,Hyderabad,Voltas Front Load Washing Machine (Model_S122),seema_deals2,1.5 Tons,47711.30152579898,3.9
PID288877,Dishwasher,Table Top,Model_O482,1.5,50.0,7.0,14.0,Electronic Control,ProSmart Inverter Motor,3.0,Blue,76894.0,2024-02-27,1.0,4.0,Vijay Sales,20.0,12.0,Neutral,Returned,Remote stopped working.,In Progress,2023-12-03,Delhi,Voltas Table Top Dishwasher (Model_O482),preeti_online1,1.5 Tons,51262.63249157834,4.0
PID641296,Refrigerator,Double Door,Model_G318,1.5,450.0,7.0,12.0,Frost Free,StoreFresh+,4.0,Blue,37787.0,2022-01-03,1.0,5.0,Flipkart,20.0,12.0,Negative,Not Returned,Cooling issue after 2 months.,Unresolved,2024-02-01,Hyderabad,Voltas Double Door Refrigerator (Model_G318),nisha.5,1.5 Tons,25191.31653912231,5.0
PID662738,Water Dispenser,Top Loading,Model_P119,1.5,15.0,7.0,12.0,Compressor Cooling,Hot & Cold,5.0,Blue,21233.0,2022-07-31,1.0,3.8,Flipkart,30.0,12.0,Neutral,Not Returned,Remote stopped working.,Unresolved,2022-09-04,Delhi,Voltas Top Loading Water Dispenser (Model_P119),vinod.4,1.5 Tons,14155.323896450736,3.8
PID552702,Refrigerator,Double Door,Model_U332,1.5,450.0,7.0,12.0,Direct Cool,Active Fresh Blue Light,1.0,Grey,29024.0,2022-08-01,10.0,3.1,Flipkart,30.0,120.0,Neutral,Not Returned,Excellent performance.,Resolved,2023-10-25,Chennai,Voltas Double Door Refrigerator (Model_U332),sanjay_reviews74,1.5 Tons,19349.32043378638,31.0
PID543933,Washing Machine,Front Load,Model_F135,1.5,50.0,6.5,12.0,Semi-Automatic,ProSmart Inverter Motor,1.0,Blue,62186.0,2022-02-07,2.0,4.0,Flipkart,20.0,24.0,Negative,Returned,Excellent performance.,Resolved,2024-04-07,Hyderabad,Voltas Front Load Washing Machine (Model_F135),swati_142,1.5 Tons,41457.30569512954,8.0
PID284287,Washing Machine,Front Load,Model_Y232,1.5,50.0,7.0,12.0,Semi-Automatic,SteamWash,3.0,Blue,36361.0,2022-11-07,2.0,4.2,Amazon,30.0,24.0,Negative,Not Returned,Delivered with damaged packaging.,Unresolved,2022-04-13,Hyderabad,Voltas Front Load Washing Machine (Model_Y232),deepa.26,1.5 Tons,24240.650506233,8.4
PID772862,Air Conditioner,Window AC,Model_M194,1.5,50.0,7.0,12.0,Non-Inverter,Adjustable Cooling,4.0,Black,46386.0,2022-10-24,2.0,3.3,Flipkart,5.0,24.0,Negative,Returned,Excellent performance.,Resolved,2022-09-06,Ahmedabad,Votlas Window AC Air Conditioner (Model_M194),suresh_express9,1.5 Tons,30923.979384013743,6.6
PID612803,Air Cooler,Bottom Loading,Model_L323,1.5,50.0,7.0,12.0,Evaporative Cooling,Remote Control,3.0,Grey,36876.0,2023-03-14,10.0,4.6,Croma,5.0,120.0,Negative,Not Returned,Delivered with damaged packaging.,Unresolved,2023-12-02,Delhi,Voltas Desert Air Cooler (Model_L323),ravi321,1.5 Tons,24583.983610677595,46.0
PID342398,Air Conditioner,Inverter AC,Model_P483,1.5,50.0,7.0,12.0,Inverter,Turbo Mode,1.0,Grey,30904.0,2022-10-08,10.0,3.4,Croma,0.0,120.0,Neutral,Returned,Remote stopped working.,In Progress,2023-03-19,Delhi,Voltas Inverter AC Air Conditioner (Model_P483),komal_32,1.5 Tons,20602.652931564717,34.0
PID103620,Dishwasher,Table Top,Model_T227,1.5,50.0,7.0,8.0,Electronic Control,AquaIntense,3.0,White,83970.0,2022-04-05,5.0,3.6,Vijay Sales,20.0,60.0,Positive,Returned,Excellent performance.,Unresolved,2023-01-21,Mumbai,Voltas Table Top Dishwasher (Model_T227),rajesh.deals959,1.5 Tons,55979.96268002488,18.0
PID974858,Air Conditioner,Split AC,Model_V359,2.0,50.0,7.0,12.0,Non-Inverter,Turbo Mode,2.0,Silver,63605.0,2023-12-06,2.0,4.0,Croma,10.0,24.0,Positive,Not Returned,Cooling issue after 2 months.,Resolved,2023-03-21,Bangalore,Voltas Split AC Air Conditioner (Model_V359),komalexpress52,2.0 Tons,31802.48409875795,8.0
PID242516,Washing Machine,Top Load,Model_Q458,1.5,50.0,8.0,12.0,Fully-Automatic,ProSmart Inverter Motor,3.0,White,47999.0,2022-04-22,2.0,3.2,Flipkart,5.0,24.0,Neutral,Not Returned,Slow installation service.,Resolved,2024-02-15,Delhi,Voltas Top Load Washing Machine (Model_Q458),deepa55,1.5 Tons,31999.312000458667,6.4
PID966079,Washing Machine,Front Load,Model_S96,1.5,50.0,6.0,12.0,Fully-Automatic,ProSmart Inverter Motor,3.0,White,58325.0,2023-01-19,1.0,4.8,Croma,30.0,12.0,Negative,Returned,Excellent performance.,Resolved,2022-06-21,Hyderabad,Voltas Front Load Washing Machine (Model_S96),nisha_52,1.5 Tons,38883.30741112839,4.8
PID744276,Dishwasher,Bottom Loading,Model_F447,1.5,50.0,7.0,15.0,Electronic Control,Hygiene+,3.0,Grey,26145.0,2022-04-23,1.0,3.1,Amazon,5.0,12.0,Neutral,Returned,Excellent performance.,Unresolved,2024-06-11,Ahmedabad,Voltas Full Size Dishwasher (Model_F447),vinod_25,1.5 Tons,17429.988380007748,3.1
PID795140,Dishwasher,Table Top,Model_D263,1.5,50.0,7.0,8.0,Electronic Control,Hygiene+,3.0,White,23117.0,,1.0,4.6,Flipkart,10.0,12.0,Neutral,Returned,Cooling issue after 2 months.,Unresolved,2024-03-08,Ahmedabad,Voltas Table Top Dishwahser (Model_D263),vinod.express86,1.5 Tons,15411.323059117962,4.6
PID908455,Dishwasher,Table Top,Model_K478,1.5,50.0,7.0,15.0,Electronic Control,AquaIntense,2.0,Blue,48993.0,2024-04-23,2.0,4.6,Amazon,30.0,24.0,Neutral,Returned,Slow installation service.,Resolved,2022-01-18,Hyderabad,Voltas Table Top Dishwasher (Model_K478),priya_online2,1.5 Tons,32661.97822534785,9.2
PID900598,Water Dispenser,Bottom Loading,Model_D471,1.5,20.0,7.0,12.0,Compressor Cooling,Hot & Cold,2.0,Black,81124.0,2022-08-08,2.0,3.4,Vijay Sales,30.0,60.0,Negative,Returned,Slow installation service.,Unresolved,2023-02-19,Ahmedabad,Voltas Bottom Laoding Water Dispenser (Model_D471),rahul.9,1.5 Tons,54082.6306115796,6.8
PID916646,Dishwasher,Full Size,Model_X465,1.5,50.0,7.0,14.0,Electronic Control,ProSmart Inverter Motor,5.0,Silver,23878.0,2022-11-08,1.0,3.1,Vijay Sales,30.0,12.0,Neutral,Returned,Delivered with damaged packaging.,Resolved,2023-10-22,Hyderabad,Voltas Full Size Dishwasher (Model_X465),anita_india21,1.5 Tons,15918.656054229295,3.1
PID980579,Air Cooler,Desert,Model_U384,1.5,20.0,7.0,12.0,Evaporative Cooling,Honeycomb Pads,3.0,White,82103.0,2022-09-04,10.0,4.3,Amazon,25.0,120.0,Neutral,Returned,Delivered with damaged packaging.,In Progress,2023-10-06,Ahmedabad,Vlotas Single Door Refrigerator (Model_N325),swati_user2,1.5 Tons,54735.29684313544,43.0
PID778166,Air Cooler,Tower,Model_H241,1.5,70.0,7.0,12.0,Evaporative Cooling,Honeycomb Pads,3.0,Black,27798.0,2022-06-24,10.0,4.6,Amazon,5.0,120.0,Positive,Returned,Cooling issue after 2 months.,Resolved,2022-11-10,Chennai,Voltas TowerA ir Cooler (Model_H241),seema76,1.5 Tons,18531.98764534157,46.0
PID107045,Refrigerator,Single Door,Model_T279,1.5,250.0,7.0,12.0,Frost Free,Active Fresh Blue Light,3.0,Blue,54909.0,2022-02-15,5.0,4.0,Croma,5.0,60.0,Negative,Returned,Slow installation service.,Unresolved,,Pune,Voltas Single Door Refrigerator (Model_T279),amit_deals19,1.5 Tons,36605.97559601627,20.0
PID904720,Air Conditioner,Split AC,Model_G344,2.0,50.0,7.0,12.0,Non-Inverter,Self Diagnosis,3.0,Grey,78583.0,2024-03-23,2.0,4.0,Vijay Sales,15.0,24.0,Negative,Not Returned,No issues so far.,Unresolved,2023-01-17,Hyderabad,Voltas Split AC Air Conditioner (Model_G344),rahul_zone047,2.0 Tons,39291.48035425982,8.0
PID938559,Air Cooler,Tower,Model_E472,1.5,20.0,7.0,12.0,Evaporative Cooling,Honeycomb Pads,3.0,Blue,48331.0,2023-09-05,5.0,4.4,Flipkart,30.0,60.0,Positive,Not Returned,Remote stopped working.,Resolved,2023-09-29,Pune,Voltas Tower Air Cooler (Model_E472),divya_zone58,1.5 Tons,32220.645186236543,22.0
PID651778,Dishwasher,Table Top,Model_E342,1.5,50.0,7.0,15.0,Electronic Control,ProSmart Inverter Motor,2.0,White,41418.0,2023-04-24,2.0,4.1,Flipkart,15.0,24.0,Neutral,Not Returned,No issues so far.,Resolved,2023-01-02,Delhi,Voltas Table Top Dishwasher (Model_E342),sanjay.zone8,1.5 Tons,27611.981592012275,8.2
PID836865,Water Dispenser,Bottom Loading,Model_D315,1.5,20.0,7.0,12.0,Compressor Cooling,Hot & Cold,3.0,Blue,84931.0,2023-04-04,10.0,4.2,Flipkart,5.0,120.0,Negative,Not Returned,Delivered with damaged packaging.,In Progress,2023-11-21,Hyderabad,Voltas Bottom Loading Water Dispenser (Model_D315),divya38,1.5 Tons,56620.628919580726,42.0
PID961083,Air Conditioner,Window AC,Model_V177,2.0,50.0,7.0,12.0,Non-Inverter,Self Diagnosis,3.0,Grey,45387.0,2022-10-20,10.0,3.5,Vijay Sales,5.0,120.0,Neutral,Returned,Noisy operation at night.,Unresolved,2024-04-04,Mumbai,Voltas Window AC Air Conditioner (Model_V177),amit.reviews470,2.0 Tons,22693.48865325567,35.0
PID219721,Washing Machine,Top Load,Model_R251,1.5,50.0,8.0,12.0,Fully-Automatic,GentleWave Drum,3.0,Blue,81045.0,2023-06-17,1.0,4.6,Vijay Sales,25.0,12.0,Negative,Returned,No issues so far.,In Progress,2024-06-05,Chennai,Voltas Top Load Washing Machine (Model_R251),mukesh_reviews46,1.5 Tons,54029.96398002402,4.6
PID725945,Dishwasher,Full Size,Model_F109,1.5,50.0,7.0,12.0,Electronic Control,Hygiene+,1.0,Blue,83862.0,2022-04-09,1.0,3.7,Croma,0.0,12.0,Positive,Returned,No issues so far.,In Progress,2024-01-01,Ahmedabad,Voltas Full Size Dishwasher (Model_F109),vinod.8,1.5 Tons,55907.96272802485,3.7
PID729854,Refrigerator,Top Load,Model_L37,1.5,50.0,8.0,12.0,Fully-Automatic,ProSmart Inverter Motor,1.0,Grey,22006.0,2022-12-02,1.0,4.3,Amazon,30.0,12.0,Neutral,Not Returned,Excellent performance.,Unresolved,2022-10-30,Ahmedabad,Voltas Top Load Washing Machine (Model_L37),kiran_reviews8,1.5 Tons,14670.656886228744,4.3
PID628530,Washing Machine,Front Load,Model_D159,1.5,50.0,7.0,12.0,Fully-Automatic,ProSmart Inverter Motor,1.0,Silver,49974.0,2024-06-18,10.0,4.9,Flipkart,0.0,120.0,Positive,Returned,No issues so far.,Resolved,2023-06-08,Bangalore,Voltas Front Load Washing Machine (Model_D159),seema_zone289,1.5 Tons,33315.977789348144,49.0
PID931079,Water Dispenser,Bottom Loading,Model_T409,1.5,20.0,7.0,12.0,Compressor Cooling,Hot & Cold,1.0,White,57257.0,2024-06-27,10.0,3.8,Flipkart,25.0,120.0,Positive,Returned,Remote stopped working.,In Progress,2023-12-10,Hyderabad,Vlotas Single Door Refrigerator (Model_N325),shilpa.online5,1.5 Tons,38171.30788579475,38.0
PID443464,Water Dispenser,Top Loading,Model_L479,1.5,15.0,7.0,12.0,Compressor Cooling,Normal & Cold,2.0,Blue,9258.0,2022-08-26,2.0,4.3,Croma,0.0,24.0,Negative,Returned,Remote stopped working.,Unresolved,2022-03-03,Delhi,Voltas Top Loading Water Dispenser (Model_L479),neha8,1.5 Tons,6171.995885336077,8.6
PID376017,Dishwasher,Table Top,Model_G84,1.5,50.0,7.0,12.0,Electronic Control,ProSmart Inverter Motor,1.0,White,21594.0,2024-03-27,2.0,3.7,Vijay Sales,15.0,24.0,Positive,Not Returned,No issues so far.,In Progress,2024-03-18,Bangalore,Voltas Table Top Dishwasher (Model_G84),sureshexpress6,1.5 Tons,14395.990402673066,7.4
PID199931,Air Cooler,Personal,Model_X205,1.5,90.0,7.0,12.0,Evaporative Cooling,Remote Control,3.0,Silver,77210.0,2022-02-17,2.0,4.6,Flipkart,0.0,24.0,Neutral,Returned,Noisy operation at night.,In Progress,2023-08-11,Mumbai,Voltas Personal Air Cooler (Model_X205),mohan_buyer93,1.5 Tons,51473.29901780066,9.2
PID889354,Water Dispenser,Bottom Loading,Model_O274,1.5,15.0,7.0,12.0,Compressor Cooling,"Hot, Normal & Cold",3.0,Grey,28742.0,2022-07-27,5.0,4.0,Croma,30.0,60.0,Negative,Not Returned,Remote stopped working.,In Progress,,Ahmedabad,Voltas Bottom Loading Water Dispenser (Model_O274),nisha.shop36,1.5 Tons,19161.320559119627,20.0
PID672757,Water Dispenser,Bottom Loading,Model_E316,1.5,15.0,7.0,12.0,Compressor Cooling,"Hot, Normal & Cold",4.0,Silver,78565.0,,10.0,4.3,Vijay Sales,25.0,120.0,Negative,Returned,Excellent performance.,In Progress,2022-11-15,Hyderabad,Voltas Bottom Loading Water Dispenser (Model_E316),rajesh_00,1.5 Tons,52376.63174891217,43.0
PID644691,Refrigerator,Double Door,Model_P41,1.5,550.0,7.0,12.0,Direct Cool,Active Fresh Blue Light,3.0,White,14939.0,2022-09-12,5.0,4.6,Amazon,0.0,60.0,Neutral,Not Returned,Delivered with damaged packaging.,Resolved,2022-01-08,Hyderabad,Voltas Double Door Refrigeratro (Model_P41),amit.67,1.5 Tons,9959.326693782205,23.0
PID169970,Water Dispenser,Top Loading,Model_Y154,1.5,15.0,7.0,12.0,Compressor Cooling,Hot & Cold,5.0,White,60458.0,2022-02-13,10.0,3.5,Amazon,20.0,120.0,Neutral,Not Returned,Slow installation service.,In Progress,2023-02-07,Mumbai,Voltas Top Loading Water Dispenser (Model_Y154),rohit.online04,1.5 Tons,40305.30646312903,35.0
PID122130,Water Dispenser,Bottom Loading,Model_N481,1.5,20.0,7.0,12.0,Compressor Cooling,Normal & Cold,1.0,Blue,46386.0,2023-03-03,10.0,3.8,Vijay Sales,0.0,120.0,Positive,Not Returned,Remote stopped working.,Resolved,2022-04-24,Hyderabad,Voltas Bottom Loading Water Dispenser (Model_N481),arjunshop30,1.5 Tons,30923.979384013743,38.0
PID335336,Washing Machine,Top Load,Model_M402,1.5,50.0,8.0,12.0,Semi-Automatic,SteamWash,1.0,Grey,12030.0,2023-03-22,1.0,4.7,Croma,15.0,12.0,Negative,Returned,Noisy operation at night.,Unresolved,2022-09-07,Hyderabad,Voltas Top Load Washing Machine (Model_M402),amit_buyer979,1.5 Tons,8019.994653336898,4.7
PID244072,Water Dispenser,Top Loading,Model_V47,1.5,20.0,7.0,12.0,Compressor Cooling,Hot & Cold,4.0,Blue,84533.0,2024-01-29,1.0,3.9,Vijay Sales,0.0,12.0,Negative,Returned,No issues so far.,In Progress,2024-05-16,Pune,Voltas Top Loading Water Dispenser (Model_V47),vinod.80,1.5 Tons,56355.29576313616,3.9
PID741321,Air Conditioner,Inverter AC,Model_M298,2.0,50.0,7.0,12.0,Inverter,Adjustable Cooling,5.0,Grey,57804.0,2022-04-20,2.0,3.4,Croma,30.0,24.0,Negative,Returned,Excellent performance.,In Progress,2022-07-03,Bangalore,Voltas Inverter AC Air Conditioner (Model_M298),arjun9,2.0 Tons,28901.985549007222,6.8
PID536856,Air Cooler,Personal,Model_S252,1.5,20.0,7.0,12.0,Evaporative Cooling,Ice Chamber,1.0,Black,60483.0,2023-07-18,2.0,3.4,Amazon,5.0,24.0,Neutral,Returned,Remote stopped working.,In Progress,2023-05-09,Pune,Voltas Personal Air Cooler (Model_S252),sanjay419,1.5 Tons,40321.97311868459,6.8
PID510809,Dishwasher,Full Size,Model_S382,1.5,50.0,7.0,8.0,Electronic Control,ProSmart Inverter Motor,4.0,White,77550.0,,2.0,4.1,Croma,20.0,24.0,Neutral,Returned,Excellent performance.,Unresolved,2024-01-17,Chennai,Voltas Full Size Dishwasher (Model_S382),kiran2,1.5 Tons,51699.96553335631,8.2
PID480740,Air Cooler,Personal,Model_N429,1.5,70.0,7.0,12.0,Compressor Cooling,Ice Chamber,1.0,Grey,77471.0,2022-06-19,2.0,4.4,Amazon,5.0,24.0,Negative,Returned,Cooling issue after 2 months.,In Progress,2024-02-03,Mumbai,Voltas Personal Air Cooler (Model_N429),sanjay.5,1.5 Tons,51647.298901800736,8.8
