product_id,price_inr,energy_rating_stars,warranty_years,capacity_unified,price_density_score,warranty_quality_interaction,city,platform,reviewer_location,availability,product_category,sub_type,model_name,capacity_tons,capacity_liters,capacity_kg,capacity_place_settings,technology,feature_1,color,manufacturing_date,customer_rating,discount_offered,warranty_duration_months,review_sentiment,return_status,complaint_text,resolved_status,review_date,product_name,username
PID346527,58059.0,3.0,10.0,1.5 Tons,38705.9741960172,44.0,Pune,Vijay Sales,Delhi,Out of Stock,Refrigerator,Double Door,Model_O66,1.5,180.0,7.0,12.0,Frost Free,StoreFresh+,White,2022-01-24,4.4,20.0,120.0,Neutral,Returned,Cooling issue after 2 months.,Resolved,2022-09-27,Voltas Double Door Refrigerator (Model_O66),nisha.online161
PID793383,67550.0,4.0,10.0,1.5 Tons,45033.30331113113,39.0,Hyderabad,Croma,Chennai,Out of Stock,Refrigerator,Double Door,Model_D185,1.5,450.0,7.0,12.0,Direct Cool,NeoFrost Dual Cooling,White,2023-09-24,3.9,0.0,120.0,Negative,Returned,Remote stopped working.,Resolved,2024-05-06,Voltas Double Door Refrigerator (Model_D185),rohit_shop3
PID529234,27871.0,1.0,5.0,1.5 Tons,18580.654279563816,20.0,Chennai,Vijay Sales,Bangalore,In Stock,Dishwasher,Full Size,Model_C470,1.5,50.0,7.0,14.0,Electronic Control,ProSmart Inverter Motor,White,2024-03-28,4.0,30.0,60.0,Positive,Returned,Slow installation service.,In Progress,2023-06-24,Voltas Full Size Dishwasher (Model_C470),rajesh_shop1
PID552702,29024.0,1.0,10.0,1.5 Tons,19349.32043378638,31.0,Pune,Flipkart,Chennai,In Stock,Refrigerator,Double Door,Model_U332,1.5,450.0,7.0,12.0,Direct Cool,Active Fresh Blue Light,Grey,2022-08-01,3.1,30.0,120.0,Neutral,Not Returned,Excellent performance.,Resolved,2023-10-25,Voltas Double Door Refrigerator (Model_U332),sanjay_reviews74
PID388769,67546.0,5.0,1.0,1.2 Tons,56288.28642642799,4.0,Hyderabad,Amazon,Pune,Out of Stock,Air Conditioner,Bottom Loading,Model_P197,1.2,50.0,7.0,12.0,Inverter,Self Diagnosis,Grey,2023-10-07,4.0,10.0,12.0,Positive,Not Returned,Noisy operation at night.,Unresolved,2024-03-08,Voltas Inverter AC Air Conditioner (Model_P197),divya.india8
PID766792,66697.0,1.0,1.0,1.5 Tons,44464.63702357532,3.8,Chennai,Vijay Sales,Bangalore,In Stock,Dishwasher,Full Size,Model_K348,1.5,50.0,7.0,15.0,Electronic Control,ProSmart Inverter Motor,Grey,2023-09-02,3.8,20.0,12.0,Negative,Not Returned,Delivered with damaged packaging.,In Progress,2023-09-19,Voltas Full Size Dishwasher (Model_K348),arjun.express236
PID482383,83240.0,1.0,2.0,1.5 Tons,55493.29633780244,9.6,Pune,Croma,Pune,Out of Stock,Dishwasher,Full Size,Model_R95,1.5,50.0,7.0,8.0,Electronic Control,ProSmart Inverter Motor,Blue,2022-02-07,4.8,15.0,24.0,Negative,Not Returned,Slow installation service.,Resolved,2024-03-18,Voltas Full Size Dishwasher (Model_R95),priya_india1
PID908455,48993.0,2.0,2.0,1.5 Tons,32661.97822534785,9.2,Delhi,Amazon,Hyderabad,Out of Stock,Dishwasher,Table Top,Model_K478,1.5,50.0,7.0,15.0,Electronic Control,AquaIntense,Blue,2024-04-23,4.6,30.0,24.0,Neutral,Returned,Slow installation service.,Resolved,2022-01-18,Voltas Table Top Dishwasher (Model_K478),priya_online2
PID778166,27798.0,3.0,10.0,1.5 Tons,18531.98764534157,46.0,Mumbai,Amazon,Chennai,In Stock,Air Cooler,Tower,Model_H241,1.5,70.0,7.0,12.0,Evaporative Cooling,Honeycomb Pads,Black,2022-06-24,4.6,5.0,120.0,Positive,Returned,Cooling issue after 2 months.,Resolved,2022-11-10,Voltas TowerA ir Cooler (Model_H241),seema76
PID850515,27162.0,5.0,5.0,1.5 Tons,18107.98792800805,18.0,Delhi,Flipkart,Ahmedabad,In Stock,Water Dispenser,Bottom Loading,Model_A208,1.5,15.0,7.0,12.0,Compressor Cooling,Normal & Cold,Silver,2022-03-28,3.6,0.0,60.0,Neutral,Returned,Noisy operation at night.,In Progress,,Voltas Bottom Loading Water Dispenser (Model_A208),rohit.9
PID839104,75847.0,2.0,2.0,1.5 Tons,50564.632956911366,9.2,Delhi,Vijay Sales,Pune,Out of Stock,Refrigerator,Side-by-Side,Model_A442,1.5,350.0,7.0,12.0,Direct Cool,NeoFrost Dual Cooling,Grey,2022-08-26,4.6,30.0,24.0,Negative,Returned,Remote stopped working.,In Progress,2022-04-24,Voltas Side-by-Side Refrigerator (Model_A442),ravi_1
PID725945,83862.0,1.0,1.0,1.5 Tons,55907.96272802485,3.7,Pune,Croma,Ahmedabad,Out of Stock,Dishwasher,Full Size,Model_F109,1.5,50.0,7.0,12.0,Electronic Control,Hygiene+,Blue,2022-04-09,3.7,0.0,12.0,Positive,Returned,No issues so far.,In Progress,2024-01-01,Voltas Full Size Dishwasher (Model_F109),vinod.8
PID974858,63605.0,2.0,2.0,2.0 Tons,31802.48409875795,8.0,Pune,Croma,Bangalore,In Stock,Air Conditioner,Split AC,Model_V359,2.0,50.0,7.0,12.0,Non-Inverter,Turbo Mode,Silver,2023-12-06,4.0,10.0,24.0,Positive,Not Returned,Cooling issue after 2 months.,Resolved,2023-03-21,Voltas Split AC Air Conditioner (Model_V359),komalexpress52
PID182086,32829.0,3.0,2.0,1.5 Tons,21885.985409343062,7.2,Mumbai,Flipkart,Chennai,Out of Stock,Washing Machine,Top Load,Model_C132,1.5,50.0,6.5,12.0,Fully-Automatic,GentleWave Drum,Silver,2022-03-13,3.6,15.0,24.0,Negative,Not Returned,No issues so far.,In Progress,2022-12-19,Voltas Top Load Washing Machine (Model_C132),anita.buyer189
PID443464,9258.0,2.0,2.0,1.5 Tons,6171.995885336077,8.6,Bengaluru,Croma,Delhi,In Stock,Water Dispenser,Top Loading,Model_L479,1.5,15.0,7.0,12.0,Compressor Cooling,Normal & Cold,Blue,2022-08-26,4.3,0.0,24.0,Negative,Returned,Remote stopped working.,Unresolved,2022-03-03,Voltas Top Loading Water Dispenser (Model_L479),neha8
PID938559,48331.0,3.0,5.0,1.5 Tons,32220.645186236543,22.0,Chennai,Flipkart,Pune,Out of Stock,Air Cooler,Tower,Model_E472,1.5,20.0,7.0,12.0,Evaporative Cooling,Honeycomb Pads,Blue,2023-09-05,4.4,30.0,60.0,Positive,Not Returned,Remote stopped working.,Resolved,2023-09-29,Voltas Tower Air Cooler (Model_E472),divya_zone58
PID158813,27154.0,2.0,10.0,1.5 Tons,18102.65459823027,46.0,Mumbai,Croma,Mumbai,Out of Stock,Water Dispenser,Top Loading,Model_S226,1.5,20.0,7.0,12.0,Compressor Cooling,"Hot, Normal & Cold",Blue,2023-03-05,4.6,30.0,120.0,Positive,Not Returned,Excellent performance.,In Progress,2023-04-28,Voltas Top Loading Water Dispenser (Model_S226),radha_deals12
PID276943,72790.0,4.0,5.0,1.5 Tons,48526.634315577125,21.0,Chennai,Flipkart,Pune,In Stock,Air Cooler,Personal,Model_T357,1.5,70.0,7.0,12.0,Evaporative Cooling,Ice Chamber,Grey,2024-02-07,4.2,10.0,60.0,Positive,Not Returned,Remote stopped working.,In Progress,2024-05-22,Voltas Personal Air Cooler (Model_T357),kiran_204
PID842796,16918.0,4.0,2.0,1.5 Tons,11278.65914756057,6.2,Mumbai,Flipkart,Hyderabad,In Stock,Dishwasher,Full Size,Model_V125,1.5,50.0,7.0,15.0,Electronic Control,Hygiene+,Blue,2023-08-03,3.1,10.0,24.0,Neutral,Returned,Cooling issue after 2 months.,Unresolved,2024-01-28,Voltas Full Size Dishwasher (Model_V125),vinod.0
PID584053,63342.0,3.0,1.0,1.5 Tons,42227.97184801877,4.5,Bengaluru,Amazon,Bangalore,Out of Stock,Refrigerator,Side-by-Side,Model_A0,1.5,180.0,7.0,12.0,Direct Cool,StoreFresh+,Black,2023-12-21,4.5,30.0,12.0,Positive,Returned,Slow installation service.,Resolved,2024-05-17,Voltas Side-by-Side Refrigerator (Model_D445),rajesh.4
PID510862,44194.0,2.0,2.0,1.5 Tons,29462.647024901984,7.0,Chennai,Amazon,Mumbai,In Stock,Air Cooler,Personal,Model_U98,1.5,70.0,7.0,12.0,Evaporative Cooling,Remote Control,Silver,2023-08-14,3.5,15.0,24.0,Negative,Returned,Noisy operation at night.,Resolved,2023-02-22,Voltas Personal Air Cooler (Model_U98),neha_buyer323
PID405350,21731.0,2.0,5.0,1.5 Tons,14487.32367511755,16.0,Delhi,Vijay Sales,Delhi,In Stock,Refrigerator,Side-by-Side,Model_T435,1.5,250.0,7.0,12.0,Frost Free,ProSmart Inverter Motor,Blue,2024-03-05,3.2,5.0,60.0,Negative,Not Returned,Cooling issue after 2 months.,In Progress,,Voltas Side-by-Side Refrigerator (Model_T435),suresh_reviews340
PID371392,11120.0,3.0,10.0,1.5 Tons,7413.328391114406,47.0,Bengaluru,Amazon,Delhi,Out of Stock,Washing Machine,Top Load,Model_B235,1.5,50.0,8.0,12.0,Semi-Automatic,ProSmart Inverter Motor,Silver,2022-03-31,4.7,5.0,120.0,Negative,Not Returned,Delivered with damaged packaging.,In Progress,2023-04-12,Voltas Top Load Washing Machine (Model_B235),priya992
PID940490,51462.0,3.0,1.0,1.5 Tons,34307.97712801525,4.4,Delhi,Flipkart,Ahmedabad,In Stock,Dishwasher,Full Size,Model_Y388,1.5,50.0,7.0,12.0,Electronic Control,Hygiene+,Black,2022-01-26,4.4,20.0,12.0,Positive,Not Returned,Noisy operation at night.,Unresolved,2023-05-31,Voltas Full Size Dishwasher (Model_Y388),rahul0
PID938187,74569.0,3.0,10.0,1.5 Tons,49712.63352491098,36.0,Chennai,Vijay Sales,Ahmedabad,Out of Stock,Dishwasher,Full Size,Model_F499,1.5,50.0,7.0,14.0,Electronic Control,Hygiene+,White,2023-12-20,3.6,15.0,120.0,Positive,Not Returned,Slow installation service.,Resolved,2022-09-28,Voltas Full Size Dishwasher (Model_F499),anita.22
PID753334,78780.0,1.0,5.0,2.0 Tons,39389.98030500984,15.5,Delhi,Vijay Sales,Chennai,In Stock,Air Conditioner,Inverter AC,Model_F83,2.0,50.0,7.0,12.0,Inverter,Adjustable Cooling,Grey,2022-02-01,3.1,30.0,60.0,Positive,Not Returned,Remote stopped working.,Resolved,2022-09-20,Voltas Inverter AC Air Conditioner (Model_F83),rahulkart79
PID609392,41122.0,5.0,10.0,1.5 Tons,27414.648390234408,33.0,Pune,Croma,Chennai,In Stock,Washing Machine,Top Load,Model_O222,1.5,50.0,8.0,12.0,Semi-Automatic,GentleWave Drum,Silver,2022-07-03,3.3,20.0,120.0,Positive,Returned,Slow installation service.,In Progress,2022-09-24,Voltas Top Load Washing Machine (Model_O222),rohit.779
PID826866,32341.0,3.0,5.0,1.5 Tons,21560.65229289848,18.5,Bengaluru,Amazon,Bangalore,In Stock,Washing Machine,Front Load,Model_J399,1.5,50.0,7.0,12.0,Fully-Automatic,SteamWash,Blue,2023-03-27,3.7,25.0,60.0,Negative,Not Returned,Remote stopped working.,Unresolved,2022-12-07,Voltas Front Load Washing Machine (Model_J399),pooja4
PID790769,40810.0,3.0,1.0,1.5 Tons,27206.648528900983,3.4,Bengaluru,Amazon,Delhi,In Stock,Refrigerator,Bottom Loading,Model_I138,1.5,15.0,7.0,12.0,Compressor Cooling,"Hot, Normal & Cold",Silver,2022-07-01,3.4,20.0,12.0,Negative,Not Returned,Slow installation service.,In Progress,2023-10-25,Voltas Bottom Loading Water Dispenser (Model_I138),reena_buyer3
PID608976,14608.0,5.0,2.0,1.5 Tons,9738.66017422655,7.2,Hyderabad,Flipkart,Delhi,In Stock,Air Cooler,Desert,Model_A156,1.5,20.0,7.0,12.0,Evaporative Cooling,Honeycomb Pads,Grey,2022-12-31,3.6,10.0,24.0,Negative,Not Returned,Remote stopped working.,In Progress,2023-07-22,Voltas Desert Air Cooler (Model_A156),sanjay.user79
PID620194,35936.0,5.0,1.0,1.5 Tons,23957.317361788428,4.6,Hyderabad,Amazon,Chennai,Out of Stock,Water Dispenser,Top Loading,Model_P249,1.5,15.0,7.0,12.0,Compressor Cooling,Hot & Cold,Grey,2022-11-09,4.6,15.0,12.0,Negative,Returned,Delivered with damaged packaging.,Resolved,2022-09-09,Voltas Top Loading Water Dispenser (Model_P249),ajay.express166
PID659819,74966.0,2.0,2.0,1.5 Tons,49977.300015133325,8.0,Hyderabad,Croma,Chennai,Out of Stock,Refrigerator,Single Door,Model_H163,1.5,450.0,7.0,12.0,Direct Cool,Active Fresh Blue Light,Blue,2022-07-09,4.0,5.0,24.0,Neutral,Not Returned,Delivered with damaged packaging.,Resolved,2022-12-04,Voltas Single Door Refrigerator (Model_H163),poojaindia13
PID957833,35539.0,3.0,10.0,1.5 Tons,23692.65087156609,43.0,Hyderabad,Croma,Ahmedabad,In Stock,Refrigerator,Double Door,Model_X413,1.5,350.0,7.0,12.0,Frost Free,StoreFresh+,Silver,2024-05-02,4.3,30.0,120.0,Positive,Returned,Excellent performance.,Resolved,2023-08-29,Voltas Double Door Refrigerator (Model_X413),suresh.user62
PID496691,55190.0,3.0,5.0,1.5 Tons,36793.3088044608,24.0,Pune,Croma,Bangalore,In Stock,Air Cooler,Tower,Model_Z207,1.5,70.0,7.0,12.0,Evaporative Cooling,Honeycomb Pads,Grey,2022-09-27,4.8,30.0,60.0,Negative,Returned,Slow installation service.,Resolved,2022-05-14,Voltas Tower Air Cooler (Model_Z207),pooja_63
PID890270,46511.0,5.0,5.0,1.5 Tons,31007.31266179156,20.0,Chennai,Vijay Sales,Chennai,Out of Stock,Water Dispenser,Top Loading,Model_Q42,1.5,15.0,7.0,12.0,Compressor Cooling,Hot & Cold,Grey,2023-11-12,4.0,25.0,60.0,Negative,Not Returned,Noisy operation at night.,Resolved,2022-02-15,Voltas Top Loading Water Dispenser (Model_Q42),neha_deals99
PID785454,79445.0,2.0,10.0,1.5 Tons,52963.29802446799,37.0,Chennai,Croma,Ahmedabad,In Stock,Water Dispenser,Top Loading,Model_H475,1.5,15.0,7.0,12.0,Compressor Cooling,"Hot, Normal & Cold",Black,2022-02-20,3.7,30.0,120.0,Neutral,Not Returned,Excellent performance.,Resolved,2023-10-12,Voltas Top Loading Water Dispenser (Model_H475),deepakart1
PID675151,71359.0,5.0,10.0,1.5 Tons,47572.6349515767,34.0,Chennai,Croma,Chennai,Out of Stock,Refrigerator,Side-by-Side,Model_M376,1.5,550.0,7.0,12.0,Direct Cool,StoreFresh+,White,2023-06-23,3.4,5.0,120.0,Positive,Not Returned,Excellent performance.,Resolved,2023-07-03,Voltas Side-by-Side Refrigerator (Model_M376),ravi.online880
PID404474,19970.0,1.0,2.0,1.5 Tons,13313.324457783696,6.8,Hyderabad,Amazon,Pune,In Stock,Refrigerator,Side-by-Side,Model_E368,1.5,350.0,7.0,12.0,Direct Cool,StoreFresh+,Blue,2023-02-12,3.4,20.0,24.0,Negative,Not Returned,Noisy operation at night.,In Progress,2024-03-29,Voltas Side-by-Side Refrigerator (Model_E368),nehauser9
PID103620,83970.0,3.0,5.0,1.5 Tons,55979.96268002488,18.0,Bengaluru,Vijay Sales,Mumbai,In Stock,Dishwasher,Table Top,Model_T227,1.5,50.0,7.0,8.0,Electronic Control,AquaIntense,White,2022-04-05,3.6,20.0,60.0,Positive,Returned,Excellent performance.,Unresolved,2023-01-21,Voltas Table Top Dishwasher (Model_T227),rajesh.deals959
PID830085,78035.0,3.0,10.0,1.5 Tons,52023.29865113424,40.0,Pune,Amazon,Pune,Out of Stock,Water Dispenser,Bottom Loading,Model_A364,1.5,20.0,7.0,12.0,Compressor Cooling,"Hot, Normal & Cold",Silver,2023-12-18,4.0,15.0,24.0,Positive,Not Returned,No issues so far.,Resolved,2022-01-19,Voltas Bottom Loading Water Dispenser (Model_A364),rahul.user558
PID500559,72048.0,4.0,2.0,1.5 Tons,48031.967978688015,9.2,Bengaluru,Amazon,Delhi,Out of Stock,Dishwasher,Table Top,Model_K88,1.5,50.0,7.0,8.0,Electronic Control,Hygiene+,Silver,2023-04-24,4.6,25.0,24.0,Negative,Returned,Slow installation service.,In Progress,2024-01-01,Voltas Table Top Dishwasher (Model_K88),mohan.shop4
PID536856,60483.0,1.0,2.0,1.5 Tons,40321.97311868459,6.8,Delhi,Amazon,Pune,Out of Stock,Air Cooler,Personal,Model_S252,1.5,20.0,7.0,12.0,Evaporative Cooling,Ice Chamber,Black,2023-07-18,3.4,5.0,24.0,Neutral,Returned,Remote stopped working.,In Progress,2023-05-09,Voltas Personal Air Cooler (Model_S252),sanjay419
PID612575,28861.0,4.0,10.0,1.2 Tons,24050.81329098893,40.0,Pune,Flipkart,Pune,In Stock,Air Conditioner,Split AC,Model_P405,1.2,50.0,7.0,12.0,Non-Inverter,ProSmart Inverter Motor,White,2024-04-14,4.0,10.0,120.0,Neutral,Returned,Slow installation service.,In Progress,2023-01-29,Voltas Split AC Air Conditioner (Model_P405),ravionline92
PID948978,77367.0,1.0,10.0,1.5 Tons,51577.9656146896,49.0,Mumbai,Amazon,Mumbai,Out of Stock,Air Conditioner,Window AC,Model_I450,1.5,50.0,7.0,12.0,Non-Inverter,Turbo Mode,Black,2023-11-09,4.9,5.0,120.0,Positive,Not Returned,Delivered with damaged packaging.,In Progress,2024-05-23,Voltas Window AC Air Conditioner (Model_I450),ajay.5
PID714929,68458.0,3.0,1.0,1.5 Tons,45638.63624090917,3.3,Pune,Vijay Sales,Hyderabad,In Stock,Dishwasher,Table Top,Model_A494,1.5,50.0,7.0,8.0,Electronic Control,Hygiene+,Silver,2023-04-11,3.3,10.0,12.0,Positive,Not Returned,No issues so far.,Unresolved,2022-11-22,Voltas Table Top Dishwasher (Model_A494),seema18
PID244072,84533.0,4.0,1.0,1.5 Tons,56355.29576313616,3.9,Hyderabad,Vijay Sales,Pune,Out of Stock,Water Dispenser,Top Loading,Model_V47,1.5,20.0,7.0,12.0,Compressor Cooling,Hot & Cold,Blue,2024-01-29,3.9,0.0,12.0,Negative,Returned,No issues so far.,In Progress,2024-05-16,Voltas Top Loading Water Dispenser (Model_V47),vinod.80
PID371496,54978.0,3.0,10.0,1.5 Tons,36651.975565349625,36.0,Mumbai,Amazon,Chennai,In Stock,Refrigerator,Bottom Loading,Model_I320,1.5,15.0,7.0,12.0,Compressor Cooling,Hot & Cold,Grey,2022-06-07,3.6,5.0,120.0,Neutral,Not Returned,Delivered with damaged packaging.,In Progress,,Voltas Bottom Loading Water Dispenser (Model_I320),preeti.98
PID661205,36380.0,3.0,5.0,1.5 Tons,24253.317164455224,19.5,Mumbai,Croma,Hyderabad,In Stock,Air Cooler,Personal,Model_K296,1.5,20.0,7.0,12.0,Evaporative Cooling,ProSmart Inverter Motor,White,2022-01-16,3.9,15.0,60.0,Positive,Not Returned,Cooling issue after 2 months.,In Progress,2023-01-29,Voltas Personal Air Cooler (Model_K296),mohankart81
PID713967,46717.0,4.0,2.0,1.5 Tons,31144.6459035694,8.0,Bengaluru,Vijay Sales,Delhi,In Stock,Washing Machine,Front Load,Model_J321,1.5,50.0,9.0,12.0,Fully-Automatic,ProSmart Inverter Motor,Grey,2023-10-13,4.0,10.0,60.0,Neutral,Returned,Delivered with damaged packaging.,Resolved,2023-02-27,Voltas Front Load Washing Machine (Model_J321),anita.2
PID623558,46386.0,4.0,1.0,1.5 Tons,30923.979384013743,3.1,Mumbai,Amazon,Ahmedabad,Out of Stock,Water Dispenser,Bottom Loading,Model_E290,1.5,20.0,7.0,12.0,Compressor Cooling,"Hot, Normal & Cold",Blue,2022-01-26,3.1,25.0,12.0,Negative,Not Returned,Excellent performance.,In Progress,2023-07-21,Vlotas Single Door Refrigerator (Model_N325),preeti.buyer7
PID631495,17287.0,4.0,2.0,1.5 Tons,11524.658983560676,8.0,Mumbai,Amazon,Hyderabad,In Stock,Refrigerator,Double Door,Model_L141,1.5,550.0,7.0,12.0,Direct Cool,StoreFresh+,White,2023-01-13,4.0,5.0,24.0,Positive,Not Returned,Noisy operation at night.,In Progress,2024-03-21,Voltas Double Door Refrigerator (Model_L141),deepa.india16
PID980579,82103.0,3.0,10.0,1.5 Tons,54735.29684313544,43.0,Hyderabad,Amazon,Ahmedabad,Out of Stock,Air Cooler,Desert,Model_U384,1.5,20.0,7.0,12.0,Evaporative Cooling,Honeycomb Pads,White,2022-09-04,4.3,25.0,120.0,Neutral,Returned,Delivered with damaged packaging.,In Progress,2023-10-06,Vlotas Single Door Refrigerator (Model_N325),swati_user2
PID236173,58058.0,4.0,1.0,1.5 Tons,38705.30752979498,4.4,Pune,Amazon,Mumbai,Out of Stock,Washing Machine,Front Load,Model_O144,1.5,50.0,9.0,12.0,Semi-Automatic,GentleWave Drum,Black,2022-10-16,4.4,15.0,12.0,Neutral,Not Returned,Cooling issue after 2 months.,Unresolved,2022-01-25,Voltas Front Load Washing Machine (Model_O144),anil.21
PID721232,10369.0,3.0,1.0,1.5 Tons,6912.662058225295,4.0,Bengaluru,Croma,Bangalore,In Stock,Refrigerator,Double Door,Model_Y284,1.5,250.0,7.0,12.0,Direct Cool,NeoFrost Dual Cooling,White,2022-01-24,4.0,25.0,12.0,Neutral,Not Returned,Slow installation service.,Unresolved,2022-09-29,Voltas Double Door Refrigerator (Model_Y284),seema641
PID129616,32197.0,1.0,2.0,1.2 Tons,26830.81097432419,9.6,Chennai,Amazon,Mumbai,Out of Stock,Air Conditioner,Inverter AC,Model_J269,1.2,50.0,7.0,12.0,Inverter,Turbo Mode,Black,2023-12-31,4.8,25.0,24.0,Neutral,Not Returned,Noisy operation at night.,Resolved,2023-08-30,Voltas Inverter ACA ir Conditioner (Model_J269),deepa6
PID280950,39004.0,3.0,1.0,1.5 Tons,26002.64933156712,3.7,Pune,Flipkart,Mumbai,Out of Stock,Washing Machine,Top Load,Model_C54,1.5,50.0,9.0,12.0,Fully-Automatic,SteamWash,Grey,2022-12-07,3.7,10.0,12.0,Neutral,Not Returned,Excellent performance.,Unresolved,,Voltas Top Loa dWashing Machine (Model_C54),radha_80
PID208221,31862.0,2.0,2.0,1.5 Tons,21241.319172453885,8.0,Chennai,Croma,Hyderabad,In Stock,Washing Machine,Front Load,Model_H319,1.5,50.0,6.0,12.0,Semi-Automatic,SteamWash,Blue,2022-06-14,4.0,30.0,24.0,Neutral,Returned,Delivered with damaged packaging.,Unresolved,2023-09-11,Voltas Front Load Washing Machine (Model_H319),swatikart045
PID131741,78999.0,2.0,10.0,1.5 Tons,52665.96488935674,38.0,Hyderabad,Croma,Ahmedabad,In Stock,Dishwasher,Full Size,Model_K374,1.5,50.0,7.0,15.0,Electronic Control,AquaIntense,Grey,2023-01-29,3.8,10.0,120.0,Negative,Returned,Excellent performance.,In Progress,2023-12-26,Voltas Full Size Dishwasher (Model_K374),komal_908
PID916646,23878.0,5.0,1.0,1.5 Tons,15918.656054229295,3.1,Bengaluru,Vijay Sales,Hyderabad,In Stock,Dishwasher,Full Size,Model_X465,1.5,50.0,7.0,14.0,Electronic Control,ProSmart Inverter Motor,Silver,2022-11-08,3.1,30.0,12.0,Neutral,Returned,Delivered with damaged packaging.,Resolved,2023-10-22,Voltas Full Size Dishwasher (Model_X465),anita_india21
PID459735,67662.0,3.0,5.0,1.5 Tons,45107.96992802005,19.5,Hyderabad,Croma,Pune,In Stock,Air Cooler,Personal,Model_S174,1.5,50.0,7.0,12.0,Evaporative Cooling,Ice Chamber,Silver,2023-05-03,3.9,15.0,60.0,Positive,Not Returned,No issues so far.,Unresolved,2022-08-07,Voltas Personal Air Cooler (Model_S174),rohitbuyer3
PID795140,23117.0,3.0,1.0,1.5 Tons,15411.323059117962,4.6,Delhi,Flipkart,Ahmedabad,In Stock,Dishwasher,Table Top,Model_D263,1.5,50.0,7.0,8.0,Electronic Control,Hygiene+,White,,4.6,10.0,12.0,Neutral,Returned,Cooling issue after 2 months.,Unresolved,2024-03-08,Voltas Table Top Dishwahser (Model_D263),vinod.express86
PID787203,25524.0,3.0,1.0,1.2 Tons,21269.98227501477,4.0,Bengaluru,Amazon,Ahmedabad,Out of Stock,Air Conditioner,Inverter AC,Model_Y180,1.2,50.0,7.0,12.0,Inverter,Self Diagnosis,Black,2024-06-30,4.0,15.0,12.0,Neutral,Returned,Excellent performance.,Unresolved,2022-12-23,Voltas Inverter AC Air Conditioner (Model_Y180),vikas567
PID305153,20440.0,5.0,2.0,1.5 Tons,13626.65758222828,7.8,Bengaluru,Amazon,Mumbai,Out of Stock,Air Cooler,Personal,Model_R355,1.5,90.0,7.0,12.0,Evaporative Cooling,Honeycomb Pads,Blue,2022-07-03,3.9,5.0,24.0,Neutral,Not Returned,Cooling issue after 2 months.,Unresolved,2023-07-16,Voltas Personal Air Cooler (Model_R355),nehareviews31
PID455943,79830.0,3.0,1.0,1.5 Tons,53219.964520023655,5.0,Delhi,Amazon,Delhi,In Stock,Air Cooler,Tower,Model_X387,1.5,90.0,7.0,12.0,Evaporative Cooling,Honeycomb Pads,Blue,2023-05-28,5.0,15.0,12.0,Neutral,Returned,Slow installation service.,In Progress,2024-02-04,Voltas Tower Air Cooler (Model_X387),komalzone601
PID935897,76163.0,2.0,2.0,1.5 Tons,50775.29948313368,8.2,Pune,Vijay Sales,Chennai,Out of Stock,Air Cooler,Personal,Model_D289,1.5,50.0,7.0,12.0,Compressor Cooling,Remote Control,Blue,,4.1,15.0,24.0,Negative,Returned,Noisy operation at night.,In Progress,2022-10-11,Voltas Personal Air Cooler (Model_D289),nehaonline7
PID128402,70167.0,4.0,5.0,1.5 Tons,46777.96881468746,24.5,Mumbai,Amazon,Bangalore,In Stock,Air Conditioner,Window AC,Model_U46,1.5,50.0,7.0,12.0,Non-Inverter,Turbo Mode,Grey,2024-04-29,4.9,20.0,60.0,Negative,Returned,Excellent performance.,Resolved,2023-06-08,Voltas Window AC Air Conditioner (Model_U46),arjun.express76
PID543920,70676.0,4.0,10.0,1.5 Tons,47117.30192179872,40.0,Mumbai,Vijay Sales,Delhi,In Stock,Air Conditioner,Split AC,Model_G58,1.5,50.0,7.0,12.0,Non-Inverter,Self Diagnosis,Silver,2024-06-23,4.0,15.0,24.0,Neutral,Returned,Delivered with damaged packaging.,Unresolved,2023-04-21,Voltas Split AC Air Conditioner (Model_G58),amit.447
PID889354,28742.0,3.0,5.0,1.5 Tons,19161.320559119627,20.0,Delhi,Croma,Ahmedabad,In Stock,Water Dispenser,Bottom Loading,Model_O274,1.5,15.0,7.0,12.0,Compressor Cooling,"Hot, Normal & Cold",Grey,2022-07-27,4.0,30.0,60.0,Negative,Not Returned,Remote stopped working.,In Progress,,Voltas Bottom Loading Water Dispenser (Model_O274),nisha.shop36
PID942893,25661.0,5.0,5.0,1.5 Tons,17107.32192845205,23.5,Pune,Croma,Hyderabad,In Stock,Washing Machine,Front Load,Model_L11,1.5,50.0,6.5,12.0,Semi-Automatic,SteamWash,Blue,2023-08-24,4.7,15.0,60.0,Positive,Returned,Cooling issue after 2 months.,Unresolved,2023-10-23,Voltas Front Load Washing Machine (Model_L11),komalonline8
PID767013,53013.0,5.0,2.0,1.5 Tons,35341.97643868237,7.4,Chennai,Croma,Hyderabad,Out of Stock,Washing Machine,Top Load,Model_N377,1.5,50.0,7.0,12.0,Semi-Automatic,ProSmart Inverter Motor,Grey,2023-04-23,3.7,10.0,120.0,Negative,Not Returned,Remote stopped working.,Resolved,2022-08-22,Voltas Top Load Washing Machine (Model_N377),ravi.shop81
PID593466,33789.0,1.0,1.0,1.5 Tons,22525.98498267668,3.1,Pune,Flipkart,Mumbai,In Stock,Air Conditioner,Split AC,Model_E108,1.5,50.0,7.0,12.0,Non-Inverter,Turbo Mode,Grey,2023-11-23,3.1,30.0,12.0,Positive,Not Returned,Noisy operation at night.,In Progress,2022-12-11,Voltas Split AC Air Conditioner (Model_E108),nisha.online6
PID327284,72198.0,5.0,10.0,1.5 Tons,48131.96791202139,35.0,Delhi,Vijay Sales,Hyderabad,In Stock,Air Cooler,Personal,Model_G32,1.5,50.0,7.0,12.0,Evaporative Cooling,Honeycomb Pads,Grey,2022-01-04,3.5,30.0,120.0,Positive,Returned,Excellent performance.,Unresolved,2022-06-29,Voltas Personal Air Cooler (Model_G32),neha_reviews109
PID612803,36876.0,3.0,10.0,1.5 Tons,24583.983610677595,46.0,Chennai,Croma,Delhi,In Stock,Air Cooler,Bottom Loading,Model_L323,1.5,50.0,7.0,12.0,Evaporative Cooling,Remote Control,Grey,2023-03-14,4.6,5.0,120.0,Negative,Not Returned,Delivered with damaged packaging.,Unresolved,2023-12-02,Voltas Desert Air Cooler (Model_L323),ravi321
PID666577,20769.0,5.0,2.0,1.0 Tons,20768.97923102077,9.0,Bengaluru,Flipkart,Hyderabad,In Stock,Air Conditioner,Window AC,Model_N143,1.0,50.0,7.0,12.0,Non-Inverter,Adjustable Cooling,White,2022-04-24,4.5,15.0,24.0,Neutral,Returned,Remote stopped working.,Unresolved,2023-05-26,Voltas Window AC Air Conditioner (Model_N143),amit.india954
PID731532,13538.0,2.0,1.0,2.0 Tons,6768.996615501692,3.8,Bengaluru,Flipkart,Pune,In Stock,Air Conditioner,Inverter AC,Model_T19,2.0,50.0,7.0,12.0,Inverter,Adjustable Cooling,Blue,2023-04-03,3.8,15.0,12.0,Neutral,Returned,Excellent performance.,Resolved,2024-03-31,Voltas Inverter AC Air Conditioner (Model_T19),radha.5
PID304381,63016.0,5.0,2.0,1.5 Tons,42010.63865957423,9.2,Mumbai,Croma,Chennai,In Stock,Refrigerator,Double Door,Model_J9,1.5,250.0,7.0,12.0,Compressor Cooling,StoreFresh+,Silver,2022-05-30,4.6,30.0,24.0,Positive,Returned,Excellent performance.,Resolved,2022-08-22,Voltas Double Door Refrigerator (Model_J9),ajay_reviews6
PID696217,84786.0,2.0,5.0,1.5 Tons,56523.962317358455,23.5,Hyderabad,Flipkart,Hyderabad,Out of Stock,Refrigerator,Single Door,Model_C106,1.5,180.0,7.0,12.0,Frost Free,StoreFresh+,Grey,2022-09-24,4.7,15.0,60.0,Neutral,Returned,Noisy operation at night.,In Progress,2022-05-24,Voltas Single Door Refrigerator (Model_C106),vikas.4
PID692934,39256.0,1.0,10.0,1.5 Tons,26170.64921956719,43.0,Chennai,Amazon,Delhi,Out of Stock,Air Cooler,Personal,Model_A130,1.5,50.0,7.0,12.0,Evaporative Cooling,Remote Control,Silver,2023-09-17,4.3,20.0,120.0,Neutral,Returned,Excellent performance.,Resolved,2022-12-20,Voltas Personal Air Cooler (Model_A130),ajay0
PID901929,32973.0,5.0,10.0,1.5 Tons,21981.985345343102,37.0,Hyderabad,Flipkart,Hyderabad,In Stock,Water Dispenser,Top Loading,Model_J217,1.5,15.0,7.0,12.0,Compressor Cooling,"Hot, Normal & Cold",White,2023-06-05,3.7,25.0,120.0,Neutral,Not Returned,No issues so far.,In Progress,2022-01-07,Voltas Top Loading Water Dispenser (Model_J217),kiran_01
PID567417,23601.0,1.0,5.0,1.5 Tons,15733.98951067366,21.0,Mumbai,Croma,Bangalore,In Stock,Water Dispenser,Top Loading,Model_Z25,1.5,20.0,7.0,12.0,Compressor Cooling,"Hot, Normal & Cold",Black,2023-01-23,4.2,15.0,60.0,Negative,Returned,No issues so far.,Unresolved,2023-01-19,Voltas Top Loading Water Dispenser (Model_Z25),mohan.deals94
PID284044,83505.0,3.0,5.0,1.5 Tons,55669.96288669141,15.5,Hyderabad,Croma,Mumbai,Out of Stock,Dishwasher,Table Top,Model_M480,1.5,50.0,7.0,12.0,Electronic Control,AquaIntense,White,2024-05-14,3.1,25.0,60.0,Neutral,Not Returned,Delivered with damaged packaging.,Resolved,2023-11-13,Voltas Table Top Dishwasher (Model_M480),rajesh_879
PID582152,75763.0,5.0,5.0,1.5 Tons,50508.63299424468,18.5,Delhi,Amazon,Chennai,Out of Stock,Washing Machine,Front Load,Model_V151,1.5,50.0,8.0,12.0,Semi-Automatic,GentleWave Drum,Black,2024-06-26,3.7,0.0,60.0,Positive,Not Returned,No issues so far.,In Progress,2023-09-27,Voltas Front Load WashingM achine (Model_V151),ishaindia87
PID545800,54016.0,4.0,2.0,1.5 Tons,36010.64265957156,8.8,Pune,Vijay Sales,Pune,Out of Stock,Washing Machine,Front Load,Model_X153,1.5,50.0,6.5,12.0,Fully-Automatic,ProSmart Inverter Motor,White,2023-06-07,4.4,10.0,24.0,Positive,Not Returned,Delivered with damaged packaging.,Unresolved,2024-04-30,Votlas Front Load Washing Machine (Model_X153),sanjaykart9
PID376017,21594.0,1.0,2.0,1.5 Tons,14395.990402673066,7.4,Pune,Vijay Sales,Bangalore,In Stock,Dishwasher,Table Top,Model_G84,1.5,50.0,7.0,12.0,Electronic Control,ProSmart Inverter Motor,White,2024-03-27,3.7,15.0,24.0,Positive,Not Returned,No issues so far.,In Progress,2024-03-18,Voltas Table Top Dishwasher (Model_G84),sureshexpress6
PID644691,14939.0,3.0,5.0,1.5 Tons,9959.326693782205,23.0,Delhi,Amazon,Hyderabad,Out of Stock,Refrigerator,Double Door,Model_P41,1.5,550.0,7.0,12.0,Direct Cool,Active Fresh Blue Light,White,2022-09-12,4.6,0.0,60.0,Neutral,Not Returned,Delivered with damaged packaging.,Resolved,2022-01-08,Voltas Double Door Refrigeratro (Model_P41),amit.67
PID326809,48865.0,3.0,10.0,1.5 Tons,32576.64494890337,48.0,Hyderabad,Croma,Hyderabad,In Stock,Water Dispenser,Top Loading,Model_Q94,1.5,20.0,7.0,12.0,Compressor Cooling,Hot & Cold,White,2022-08-31,4.8,5.0,120.0,Negative,Not Returned,Slow installation service.,Resolved,2024-03-20,Voltas Top Loading Water Dispenser (Model_Q94),mukesh.buyer896
PID772862,46386.0,4.0,2.0,1.5 Tons,30923.979384013743,6.6,Pune,Flipkart,Ahmedabad,In Stock,Air Conditioner,Window AC,Model_M194,1.5,50.0,7.0,12.0,Non-Inverter,Adjustable Cooling,Black,2022-10-24,3.3,5.0,24.0,Negative,Returned,Excellent performance.,Resolved,2022-09-06,Votlas Window AC Air Conditioner (Model_M194),suresh_express9
PID324713,68786.0,3.0,2.0,1.5 Tons,45857.30276179816,6.4,Pune,Croma,Chennai,In Stock,Air Cooler,Desert,Model_P431,1.5,20.0,7.0,12.0,Evaporative Cooling,Remote Control,White,2024-03-18,3.2,0.0,24.0,Negative,Returned,Excellent performance.,In Progress,2024-05-17,Voltas Desert Air Cooler (Model_P431),vikas.shop193
PID672757,78565.0,4.0,10.0,1.5 Tons,52376.63174891217,43.0,Chennai,Vijay Sales,Hyderabad,In Stock,Water Dispenser,Bottom Loading,Model_E316,1.5,15.0,7.0,12.0,Compressor Cooling,"Hot, Normal & Cold",Silver,,4.3,25.0,120.0,Negative,Returned,Excellent performance.,In Progress,2022-11-15,Voltas Bottom Loading Water Dispenser (Model_E316),rajesh_00
PID318309,73187.0,1.0,10.0,1.5 Tons,48791.30080579947,47.0,Hyderabad,Vijay Sales,Chennai,In Stock,Washing Machine,Top Load,Model_R433,1.5,50.0,6.5,12.0,Fully-Automatic,SteamWash,White,2023-09-13,4.7,25.0,120.0,Neutral,Not Returned,No issues so far.,Unresolved,2023-08-22,Voltas Top Load Washing Machine (Model_R433),seema_online94
PID487013,41726.0,2.0,1.0,1.5 Tons,27817.31478845681,3.2,Mumbai,Amazon,Hyderabad,In Stock,Water Dispenser,Bottom Loading,Model_E160,1.5,20.0,7.0,12.0,Compressor Cooling,Normal & Cold,Silver,2022-10-03,3.2,10.0,12.0,Neutral,Not Returned,Excellent performance.,Resolved,2023-05-17,Voltas Bottom Loading Water Dispenser (Model_E160),preeti.5
PID621977,17858.0,4.0,2.0,1.5 Tons,11905.325396449736,7.8,Chennai,Amazon,Chennai,In Stock,Air Cooler,Personal,Model_A0,1.5,70.0,7.0,12.0,Evaporative Cooling,Remote Control,Grey,,3.9,20.0,120.0,Positive,Not Returned,Excellent performance.,In Progress,2022-07-30,Voltas Personal Air Cooler (Model_Y336),vinod_2
PID263681,77277.0,4.0,2.0,1.5 Tons,51517.96565468957,6.0,Bengaluru,Vijay Sales,Hyderabad,In Stock,Washing Machine,Front Load,Model_X361,1.5,50.0,6.5,12.0,Fully-Automatic,ProSmart Inverter Motor,Silver,2023-12-25,3.0,20.0,24.0,Negative,Not Returned,Excellent performance.,In Progress,2023-04-20,Voltas Front Load Washing Machine (Model_X361),mukesh.india59
PID438219,16595.0,3.0,2.0,2.0 Tons,8297.495851252073,8.8,Mumbai,Amazon,Delhi,In Stock,Air Conditioner,Split AC,Model_N13,2.0,50.0,7.0,12.0,Non-Inverter,Self Diagnosis,Silver,2022-01-12,4.4,20.0,24.0,Neutral,Not Returned,No issues so far.,In Progress,2023-08-19,Voltas Split AC Air Conditioenr (Model_N13),rahuldeals135
PID204092,42718.0,3.0,5.0,1.5 Tons,28478.647680901548,19.0,Delhi,Flipkart,Chennai,In Stock,Dishwasher,Full Size,Model_M64,1.5,50.0,7.0,15.0,Electronic Control,AquaIntense,Black,2022-05-30,3.8,25.0,60.0,Neutral,Returned,Excellent performance.,Unresolved,2024-06-13,Voltas Full Size Dishwasher (Model_M64),deepakart006
PID335336,12030.0,1.0,1.0,1.5 Tons,8019.994653336898,4.7,Hyderabad,Croma,Hyderabad,Out of Stock,Washing Machine,Top Load,Model_M402,1.5,50.0,8.0,12.0,Semi-Automatic,SteamWash,Grey,2023-03-22,4.7,15.0,12.0,Negative,Returned,Noisy operation at night.,Unresolved,2022-09-07,Voltas Top Load Washing Machine (Model_M402),amit_buyer979
PID543933,62186.0,1.0,2.0,1.5 Tons,41457.30569512954,8.0,Chennai,Flipkart,Hyderabad,In Stock,Washing Machine,Front Load,Model_F135,1.5,50.0,6.5,12.0,Semi-Automatic,ProSmart Inverter Motor,Blue,2022-02-07,4.0,20.0,24.0,Negative,Returned,Excellent performance.,Resolved,2024-04-07,Voltas Front Load Washing Machine (Model_F135),swati_142
PID924913,37984.0,3.0,2.0,1.5 Tons,25322.649784900143,8.8,Hyderabad,Vijay Sales,Hyderabad,In Stock,Washing Machine,Front Load,Model_Z51,1.5,50.0,6.5,12.0,Compressor Cooling,ProSmart Inverter Motor,Blue,2023-09-07,4.4,5.0,24.0,Positive,Not Returned,Excellent performance.,Resolved,2023-02-21,Voltas Front Load Washing Machine (Model_Z51),vinod_6
PID276650,48040.0,3.0,1.0,1.5 Tons,32026.6453155698,4.5,Hyderabad,Croma,Hyderabad,Out of Stock,Dishwasher,Table Top,Model_X335,1.5,50.0,7.0,14.0,Electronic Control,ProSmart Inverter Motor,Grey,2023-06-16,4.5,15.0,12.0,Neutral,Not Returned,Noisy operation at night.,In Progress,2022-06-04,Voltas Table Top Dishwasher (Model_X335),amitreviews742
PID858484,47743.0,2.0,10.0,1.5 Tons,31828.645447569703,46.0,Pune,Croma,Delhi,In Stock,Washing Machine,Front Load,Model_V229,1.5,50.0,9.0,12.0,Semi-Automatic,ProSmart Inverter Motor,Blue,2023-08-16,4.6,10.0,120.0,Neutral,Not Returned,No issues so far.,In Progress,2023-06-06,Voltas Front Load Washing Machine (Model_V229),radha_542
PID944188,47260.0,3.0,1.0,1.5 Tons,31506.645662236228,4.0,Chennai,Amazon,Ahmedabad,Out of Stock,Washing Machine,Top Load,Model_A312,1.5,50.0,8.0,12.0,Semi-Automatic,GentleWave Drum,Silver,2024-02-15,4.0,30.0,12.0,Positive,Not Returned,Noisy operation at night.,Unresolved,2022-10-09,Voltas Top Load Washing Machine (Model_A312),deepa.63
PID408437,45303.0,3.0,1.0,1.5 Tons,30201.97986534676,4.5,Bengaluru,Vijay Sales,Mumbai,Out of Stock,Water Dispenser,Bottom Loading,Model_L271,1.5,20.0,7.0,12.0,Compressor Cooling,"Hot, Normal & Cold",White,2022-11-24,4.5,20.0,12.0,Negative,Not Returned,Remote stopped working.,In Progress,2023-08-09,Voltas Bottom Loading Water Dispenser (Model_L271),vikaszone9
PID433097,39733.0,3.0,10.0,1.5 Tons,26488.64900756733,39.0,Hyderabad,Amazon,Delhi,In Stock,Dishwasher,Table Top,Model_N299,1.5,50.0,7.0,12.0,Electronic Control,ProSmart Inverter Motor,Blue,2023-03-02,3.9,5.0,120.0,Positive,Not Returned,Delivered with damaged packaging.,Resolved,2023-08-28,Voltas Table Top Dishwasher (Model_N299),arjun_20
PID963073,10636.0,3.0,2.0,1.5 Tons,7090.661939558708,7.4,Hyderabad,Flipkart,Bangalore,In Stock,Air Cooler,Desert,Model_K62,1.5,70.0,7.0,12.0,Evaporative Cooling,Ice Chamber,Grey,,3.7,10.0,24.0,Neutral,Returned,Excellent performance.,Unresolved,2022-06-06,Voltas Desert Air Cooler (Model_K62),deepaindia150
PID736902,21616.0,5.0,2.0,1.5 Tons,14410.65705956196,9.2,Mumbai,Amazon,Delhi,In Stock,Dishwasher,Table Top,Model_X49,1.5,50.0,7.0,15.0,Electronic Control,AquaIntense,Grey,2022-10-18,4.6,10.0,24.0,Positive,Not Returned,Excellent performance.,Resolved,2022-06-28,Voltas Table Top Dishwasher (Model_X49),reena_056
PID430190,13928.0,3.0,10.0,1.5 Tons,9285.32714311524,45.0,Mumbai,Vijay Sales,Pune,In Stock,Washing Machine,Top Load,Model_B495,1.5,50.0,6.5,12.0,Semi-Automatic,GentleWave Drum,Grey,2023-06-20,4.5,20.0,120.0,Negative,Returned,Remote stopped working.,Resolved,2022-08-21,Voltas Top LoadW ashing Machine (Model_B495),vinod9
PID131574,58959.0,4.0,10.0,1.5 Tons,39305.97379601747,41.0,Hyderabad,Amazon,Delhi,Out of Stock,Refrigerator,Double Door,Model_B1,1.5,450.0,7.0,12.0,Direct Cool,StoreFresh+,Silver,2023-06-29,4.1,30.0,120.0,Negative,Not Returned,Cooling issue after 2 months.,Resolved,2023-05-27,Voltas Double Door Refrigerator (Model_B1),rohit.shop608
PID512559,31993.0,1.0,1.0,1.5 Tons,21328.65244756504,3.8,Bengaluru,Flipkart,Ahmedabad,Out of Stock,Refrigerator,Desert,Model_O456,1.5,70.0,7.0,12.0,Evaporative Cooling,Ice Chamber,Black,2022-09-08,3.8,0.0,12.0,Neutral,Returned,Remote stopped working.,Unresolved,2023-11-26,Voltas Desert Air Cooler (Model_O456),reenadeals18
PID916123,39408.0,3.0,10.0,1.5 Tons,26271.98248534501,31.0,Hyderabad,Amazon,Mumbai,Out of Stock,Air Cooler,Personal,Model_A52,1.5,20.0,7.0,12.0,Evaporative Cooling,Remote Control,Grey,2022-01-14,3.1,10.0,120.0,Neutral,Not Returned,Remote stopped working.,In Progress,2023-06-08,Voltas Personal Air Cooler (Model_A52),nehashop92
PID275253,56407.0,5.0,2.0,1.5 Tons,37604.6415969056,6.2,Delhi,Croma,Hyderabad,In Stock,Refrigerator,Single Door,Model_Z129,1.5,50.0,7.0,12.0,Frost Free,StoreFresh+,Black,2024-06-16,3.1,15.0,24.0,Neutral,Not Returned,Remote stopped working.,Resolved,2022-03-28,Voltas Single Door Refrigerator (Model_Z129),vikasexpress2
PID242516,47999.0,3.0,2.0,1.5 Tons,31999.312000458667,6.4,Delhi,Flipkart,Delhi,In Stock,Washing Machine,Top Load,Model_Q458,1.5,50.0,8.0,12.0,Fully-Automatic,ProSmart Inverter Motor,White,2022-04-22,3.2,5.0,24.0,Neutral,Not Returned,Slow installation service.,Resolved,2024-02-15,Voltas Top Load Washing Machine (Model_Q458),deepa55
PID223368,33923.0,4.0,10.0,1.5 Tons,22615.3182564545,36.0,Mumbai,Flipkart,Mumbai,In Stock,Washing Machine,Front Load,Model_Q146,1.5,50.0,7.0,12.0,Semi-Automatic,GentleWave Drum,Blue,2024-01-12,3.6,0.0,120.0,Neutral,Returned,Slow installation service.,Unresolved,2022-05-15,Voltas Front Load Washing Machine (Model_Q146),nehareviews343
PID510809,77550.0,4.0,2.0,1.5 Tons,51699.96553335631,8.2,Bengaluru,Croma,Chennai,In Stock,Dishwasher,Full Size,Model_S382,1.5,50.0,7.0,8.0,Electronic Control,ProSmart Inverter Motor,White,,4.1,20.0,24.0,Neutral,Returned,Excellent performance.,Unresolved,2024-01-17,Voltas Full Size Dishwasher (Model_S382),kiran2
PID946307,72662.0,4.0,10.0,1.5 Tons,48441.301039132646,30.0,Chennai,Croma,Pune,In Stock,Air Cooler,Desert,Model_S148,1.5,50.0,7.0,12.0,Evaporative Cooling,Ice Chamber,Black,2023-08-11,3.0,30.0,120.0,Positive,Returned,Remote stopped working.,In Progress,2022-10-25,VoltasD esert Air Cooler (Model_S148),shilpakart65
PID514014,40347.0,4.0,2.0,2.0 Tons,20173.48991325504,7.8,Bengaluru,Flipkart,Ahmedabad,Out of Stock,Air Conditioner,Window AC,Model_F57,2.0,50.0,7.0,12.0,Non-Inverter,Turbo Mode,Silver,2022-01-14,3.9,20.0,24.0,Negative,Returned,Excellent performance.,In Progress,2024-02-09,Vlotas Single Door Refrigerator (Model_N325),nisha_146
PID378072,60205.0,1.0,2.0,1.5 Tons,40136.63990890673,7.4,Bengaluru,Croma,Delhi,In Stock,Refrigerator,Side-by-Side,Model_I294,1.5,180.0,7.0,12.0,Direct Cool,StoreFresh+,Black,2022-10-12,3.7,30.0,24.0,Neutral,Returned,Excellent performance.,Unresolved,2023-06-03,Voltas Side-by-Side Refrigerator (Model_I294),rahul489
PID335142,81794.0,1.0,5.0,1.5 Tons,54529.29698046868,17.0,Hyderabad,Amazon,Ahmedabad,Out of Stock,Refrigerator,Single Door,Model_V21,1.5,250.0,7.0,12.0,Direct Cool,NeoFrost Dual Cooling,Grey,2023-07-19,3.4,0.0,60.0,Positive,Not Returned,Slow installation service.,Resolved,2022-08-22,Vlotas Single Door Refrigerator (Model_N325),anita_kart167
PID106965,66190.0,3.0,10.0,1.5 Tons,44126.6372489085,32.0,Pune,Amazon,Mumbai,Out of Stock,Refrigerator,Side-by-Side,Model_B53,1.5,180.0,7.0,12.0,Compressor Cooling,StoreFresh+,White,2023-09-07,3.2,5.0,120.0,Negative,Returned,Delivered with damaged packaging.,Resolved,2024-01-05,Voltas Side-by-Side Refrigerator (Model_B53),arjun550
PID342398,30904.0,1.0,10.0,1.5 Tons,20602.65293156472,34.0,Bengaluru,Croma,Delhi,In Stock,Air Conditioner,Inverter AC,Model_P483,1.5,50.0,7.0,12.0,Inverter,Turbo Mode,Grey,2022-10-08,3.4,0.0,120.0,Neutral,Returned,Remote stopped working.,In Progress,2023-03-19,Voltas Inverter AC Air Conditioner (Model_P483),komal_32
PID800651,82933.0,3.0,1.0,1.5 Tons,55288.62980758013,4.3,Hyderabad,Vijay Sales,Delhi,Out of Stock,Air Conditioner,Split AC,Model_I112,1.5,50.0,7.0,12.0,Non-Inverter,Adjustable Cooling,Grey,2023-10-04,4.3,30.0,12.0,Positive,Not Returned,Delivered with damaged packaging.,In Progress,2023-05-26,Voltas Split AC Air Conditioner (Model_I112),anita_india190
PID239448,51317.0,3.0,2.0,1.0 Tons,51316.94868305132,7.6,Bengaluru,Vijay Sales,Bangalore,Out of Stock,Air Conditioner,Bottom Loading,Model_A0,1.0,50.0,7.0,12.0,Non-Inverter,Self Diagnosis,Black,2024-01-04,3.8,20.0,24.0,Negative,Not Returned,Cooling issue after 2 months.,Unresolved,2022-11-04,Voltas Window AC Air Conditioner (Mdoel_Q354),preetishop244
PID255477,78045.0,3.0,1.0,1.5 Tons,52029.96531335646,3.7,Hyderabad,Amazon,Mumbai,In Stock,Air Cooler,Personal,Model_A0,1.5,70.0,7.0,12.0,Evaporative Cooling,Ice Chamber,Silver,2023-11-28,3.7,10.0,12.0,Positive,Not Returned,Delivered with damaged packaging.,In Progress,2022-12-23,Voltas Personal Air Cooler (Model_T123),seema.deals87
PID288877,76894.0,3.0,1.0,1.5 Tons,51262.63249157834,4.0,Bengaluru,Vijay Sales,Delhi,In Stock,Dishwasher,Table Top,Model_O482,1.5,50.0,7.0,14.0,Electronic Control,ProSmart Inverter Motor,Blue,2024-02-27,4.0,20.0,12.0,Neutral,Returned,Remote stopped working.,In Progress,2023-12-03,Voltas Table Top Dishwasher (Model_O482),preeti_online1
PID641296,37787.0,4.0,1.0,1.5 Tons,25191.31653912231,5.0,Hyderabad,Flipkart,Hyderabad,In Stock,Refrigerator,Double Door,Model_G318,1.5,450.0,7.0,12.0,Frost Free,StoreFresh+,Blue,2022-01-03,5.0,20.0,12.0,Negative,Not Returned,Cooling issue after 2 months.,Unresolved,2024-02-01,Voltas Double Door Refrigerator (Model_G318),nisha.5
PID123695,36482.0,3.0,5.0,2.0 Tons,18240.99087950456,18.5,Hyderabad,Amazon,Pune,In Stock,Air Conditioner,Split AC,Model_S44,2.0,50.0,7.0,12.0,Non-Inverter,Turbo Mode,White,2023-01-31,3.7,15.0,60.0,Positive,Returned,No issues so far.,Resolved,2022-01-01,Voltas Split AC AirC onditioner (Model_S44),vikas.shop498
PID479328,45548.0,2.0,2.0,1.5 Tons,30365.313089791274,8.0,Chennai,Croma,Delhi,In Stock,Water Dispenser,Bottom Loading,Model_D367,1.5,15.0,7.0,12.0,Compressor Cooling,Hot & Cold,White,2024-04-22,4.0,0.0,60.0,Neutral,Not Returned,Delivered with damaged packaging.,Unresolved,2022-08-15,Voltas Bottom Loading Water Dispenser (Model_D367),neha.9
PID628530,49974.0,1.0,10.0,1.5 Tons,33315.977789348144,49.0,Pune,Flipkart,Bangalore,Out of Stock,Washing Machine,Front Load,Model_D159,1.5,50.0,7.0,12.0,Fully-Automatic,ProSmart Inverter Motor,Silver,2024-06-18,4.9,0.0,120.0,Positive,Returned,No issues so far.,Resolved,2023-06-08,Voltas Front Load Washing Machine (Model_D159),seema_zone289
PID848290,21241.0,5.0,5.0,1.5 Tons,14160.657226228515,17.5,Mumbai,Croma,Bangalore,In Stock,Water Dispenser,Top Loading,Model_A0,1.5,20.0,7.0,12.0,Compressor Cooling,Normal & Cold,Silver,2023-05-09,3.5,0.0,24.0,Positive,Not Returned,Excellent performance.,In Progress,2023-12-01,Voltas Top Loading Water Dispenser (Model_J35),rohit_966
PID478104,25742.0,5.0,5.0,1.5 Tons,17161.321892452073,18.0,Hyderabad,Amazon,Delhi,Out of Stock,Water Dispenser,Top Loading,Model_I242,1.5,20.0,7.0,12.0,Compressor Cooling,Hot & Cold,Silver,2024-04-07,3.6,20.0,60.0,Positive,Not Returned,Cooling issue after 2 months.,In Progress,2022-03-02,Voltas Top Loading Water Dispenser (Model_I242),nisha_354
PID514014,45080.0,3.0,10.0,1.5 Tons,30053.313297791137,46.0,Bengaluru,Croma,Hyderabad,Out of Stock,Air Cooler,Tower,Model_B183,1.5,50.0,7.0,12.0,Evaporative Cooling,Remote Control,Grey,2022-12-02,4.6,25.0,120.0,Positive,Returned,Noisy operation at night.,In Progress,2024-05-30,Voltas Tower Air Cooler (Model_B183),swati_9
PID744276,26145.0,3.0,1.0,1.5 Tons,17429.988380007748,3.1,Bengaluru,Amazon,Ahmedabad,In Stock,Dishwasher,Bottom Loading,Model_F447,1.5,50.0,7.0,15.0,Electronic Control,Hygiene+,Grey,2022-04-23,3.1,5.0,12.0,Neutral,Returned,Excellent performance.,Unresolved,2024-06-11,Voltas Full Size Dishwasher (Model_F447),vinod_25
PID328578,65386.0,1.0,10.0,1.2 Tons,54488.28792642673,33.0,Delhi,Croma,Chennai,Out of Stock,Air Conditioner,Inverter AC,Model_K140,1.2,50.0,7.0,12.0,Inverter,Turbo Mode,Black,2023-03-27,3.3,15.0,120.0,Neutral,Not Returned,Excellent performance.,Unresolved,2022-06-18,Voltas Inverter AC Air Conditioner (Model_K140),radha.online45
PID377001,70759.0,3.0,10.0,1.5 Tons,47172.63521824319,49.0,Mumbai,Amazon,Pune,Out of Stock,Washing Machine,Front Load,Model_N351,1.5,50.0,7.0,12.0,Fully-Automatic,ProSmart Inverter Motor,Black,2024-01-07,4.9,0.0,120.0,Neutral,Not Returned,Excellent performance.,Unresolved,2024-04-04,Voltas Front Load Washing Machine (Model_N351),shilpa.107
PID178724,71567.0,4.0,1.0,1.5 Tons,47711.30152579898,3.9,Bengaluru,Amazon,Hyderabad,Out of Stock,Washing Machine,Front Load,Model_S122,1.5,50.0,8.0,12.0,Fully-Automatic,ProSmart Inverter Motor,Grey,2024-04-27,3.9,5.0,12.0,Negative,Not Returned,Cooling issue after 2 months.,Resolved,2022-08-09,Voltas Front Load Washing Machine (Model_S122),seema_deals2
PID947406,33764.0,3.0,2.0,1.0 Tons,33763.96623603377,6.6,Chennai,Croma,Chennai,In Stock,Air Conditioner,Split AC,Model_S304,1.0,50.0,7.0,12.0,Non-Inverter,Self Diagnosis,Black,2023-08-12,3.3,25.0,24.0,Positive,Not Returned,Cooling issue after 2 months.,In Progress,2022-06-05,Voltas Split AC Air Conditioner (Model_S304),seema64
PID182348,38836.0,4.0,2.0,1.5 Tons,25890.64940623373,9.0,Mumbai,Amazon,Hyderabad,In Stock,Dishwasher,Full Size,Model_R225,1.5,50.0,7.0,15.0,Compressor Cooling,Hygiene+,White,2023-12-09,4.5,15.0,24.0,Neutral,Returned,Noisy operation at night.,Resolved,2023-01-01,Voltas Full Size Dishwasher (Model_R225),sanjaydeals706
PID228313,59371.0,4.0,1.0,1.5 Tons,39580.64027957315,4.4,Bengaluru,Croma,Ahmedabad,In Stock,Dishwasher,Full Size,Model_U358,1.5,50.0,7.0,12.0,Electronic Control,ProSmart Inverter Motor,Black,2022-12-14,4.4,0.0,12.0,Positive,Not Returned,Excellent performance.,Unresolved,2022-11-09,Voltas Full Size Dishwasher (Model_U358),arjunindia527
PID285302,16114.0,1.0,2.0,1.5 Tons,10742.659504893663,9.6,Pune,Croma,Chennai,In Stock,Refrigerator,Double Door,Model_W386,1.5,550.0,7.0,12.0,Frost Free,NeoFrost Dual Cooling,Silver,2022-07-15,4.8,20.0,24.0,Neutral,Not Returned,Remote stopped working.,In Progress,2023-01-17,Voltas Double Door Refrigerator (Model_W386),vikas_reviews55
PID514014,15731.0,3.0,1.0,1.5 Tons,10487.32634178244,3.2,Pune,Croma,Delhi,In Stock,Dishwasher,Table Top,Model_F31,1.5,50.0,7.0,8.0,Electronic Control,ProSmart Inverter Motor,Blue,2022-02-01,3.2,10.0,12.0,Positive,Returned,Noisy operation at night.,Unresolved,2022-11-13,Voltas Table Top Dishwasher (Model_F31),nisha2
PID888824,52447.0,5.0,2.0,1.5 Tons,34964.64335690443,9.8,Delhi,Vijay Sales,Bangalore,Out of Stock,Dishwasher,Full Size,Model_Q16,1.5,50.0,7.0,14.0,Electronic Control,Hygiene+,Blue,2022-08-11,4.9,30.0,24.0,Positive,Not Returned,Remote stopped working.,In Progress,2022-01-24,Voltas Full Size Dishwasher (Model_Q16),anil_user4
PID961083,45387.0,3.0,10.0,2.0 Tons,22693.48865325567,35.0,Mumbai,Vijay Sales,Mumbai,In Stock,Air Conditioner,Window AC,Model_V177,2.0,50.0,7.0,12.0,Non-Inverter,Self Diagnosis,Grey,2022-10-20,3.5,5.0,120.0,Neutral,Returned,Noisy operation at night.,Unresolved,2024-04-04,Voltas Window AC Air Conditioner (Model_V177),amit.reviews470
PID651778,41418.0,2.0,2.0,1.5 Tons,27611.981592012275,8.2,Chennai,Flipkart,Delhi,In Stock,Dishwasher,Table Top,Model_E342,1.5,50.0,7.0,15.0,Electronic Control,ProSmart Inverter Motor,White,2023-04-24,4.1,15.0,24.0,Neutral,Not Returned,No issues so far.,Resolved,2023-01-02,Voltas Table Top Dishwasher (Model_E342),sanjay.zone8
PID931079,57257.0,1.0,10.0,1.5 Tons,38171.30788579475,38.0,Mumbai,Flipkart,Hyderabad,In Stock,Water Dispenser,Bottom Loading,Model_T409,1.5,20.0,7.0,12.0,Compressor Cooling,Hot & Cold,White,2024-06-27,3.8,25.0,120.0,Positive,Returned,Remote stopped working.,In Progress,2023-12-10,Vlotas Single Door Refrigerator (Model_N325),shilpa.online5
PID586282,12067.0,3.0,10.0,1.5 Tons,8044.661303559132,35.0,Delhi,Vijay Sales,Pune,In Stock,Refrigerator,Side-by-Side,Model_O430,1.5,350.0,7.0,12.0,Direct Cool,StoreFresh+,White,2022-08-11,3.5,10.0,120.0,Neutral,Returned,Cooling issue after 2 months.,Unresolved,2023-05-28,Voltas Side-by-Sid eRefrigerator (Model_O430),anil_69
PID828372,21527.0,5.0,10.0,1.5 Tons,14351.323765784156,38.0,Bengaluru,Vijay Sales,Mumbai,In Stock,Dishwasher,Full Size,Model_I164,1.5,50.0,7.0,8.0,Electronic Control,Hygiene+,Black,2023-02-26,3.8,25.0,120.0,Neutral,Returned,Remote stopped working.,Resolved,2022-05-20,Voltas Full Size Dishwasher (Model_I164),priya.india047
PID708146,66488.0,3.0,10.0,1.5 Tons,44325.30378313081,45.0,Pune,Amazon,Delhi,In Stock,Washing Machine,Top Load,Model_U436,1.5,50.0,6.5,12.0,Compressor Cooling,GentleWave Drum,Silver,2022-04-30,4.5,30.0,120.0,Positive,Returned,Excellent performance.,Resolved,2022-11-12,Voltas Top Load Washing Machine (Model_U436),ishabuyer5
PID102241,82249.0,4.0,10.0,1.5 Tons,54832.63011157993,40.0,Mumbai,Amazon,Delhi,In Stock,Water Dispenser,Bottom Loading,Model_Z493,1.5,15.0,7.0,12.0,Compressor Cooling,"Hot, Normal & Cold",Silver,2023-05-12,4.0,30.0,120.0,Neutral,Returned,No issues so far.,Resolved,2022-09-01,Vlotas Single Door Refrigerator (Model_N325),mohan_3
PID560846,79763.0,5.0,2.0,1.5 Tons,53175.29788313475,8.0,Hyderabad,Vijay Sales,Bangalore,Out of Stock,Dishwasher,Table Top,Model_Q276,1.5,50.0,7.0,14.0,Electronic Control,AquaIntense,Grey,2022-04-17,4.0,10.0,24.0,Negative,Not Returned,Slow installation service.,Unresolved,2024-01-21,Voltas Table Top Dishwashe r(Model_Q276),priyadeals185
PID415905,68471.0,2.0,2.0,1.5 Tons,45647.30290179807,9.2,Hyderabad,Flipkart,Hyderabad,Out of Stock,Refrigerator,Side-by-Side,Model_J347,1.5,180.0,7.0,12.0,Direct Cool,Active Fresh Blue Light,Silver,2022-01-30,4.6,15.0,24.0,Positive,Returned,Slow installation service.,Unresolved,2022-11-10,Voltas Side-by-Side Refrigerator (Model_J347),priya.india547
PID628269,19900.0,5.0,5.0,1.5 Tons,13266.65782222812,20.0,Mumbai,Amazon,Mumbai,In Stock,Dishwasher,Table Top,Model_J373,1.5,50.0,7.0,8.0,Electronic Control,ProSmart Inverter Motor,White,2022-04-09,4.0,0.0,60.0,Negative,Not Returned,Excellent performance.,Resolved,2024-04-05,Voltas Table Top Dishwasher (Model_J373),deepadeals479
PID904720,78583.0,3.0,2.0,2.0 Tons,39291.48035425982,8.0,Pune,Vijay Sales,Hyderabad,In Stock,Air Conditioner,Split AC,Model_G344,2.0,50.0,7.0,12.0,Non-Inverter,Self Diagnosis,Grey,2024-03-23,4.0,15.0,24.0,Negative,Not Returned,No issues so far.,Unresolved,2023-01-17,Voltas Split AC Air Conditioner (Model_G344),rahul_zone047
PID219721,81045.0,3.0,1.0,1.5 Tons,54029.96398002402,4.6,Pune,Vijay Sales,Chennai,In Stock,Washing Machine,Top Load,Model_R251,1.5,50.0,8.0,12.0,Fully-Automatic,GentleWave Drum,Blue,2023-06-17,4.6,25.0,12.0,Negative,Returned,No issues so far.,In Progress,2024-06-05,Voltas Top Load Washing Machine (Model_R251),mukesh_reviews46
PID308270,68556.0,4.0,1.0,1.5 Tons,45703.96953068698,3.8,Bengaluru,Amazon,Bangalore,In Stock,Refrigerator,Single Door,Model_O352,1.5,350.0,7.0,12.0,Direct Cool,NeoFrost Dual Cooling,Black,2023-08-03,3.8,15.0,12.0,Neutral,Not Returned,No issues so far.,Resolved,2024-04-04,Voltas Single Door Refrigerator (Model_O352),arjunshop609
PID775789,10150.0,3.0,1.0,1.5 Tons,6766.662155558563,3.3,Pune,Amazon,Hyderabad,In Stock,Air Conditioner,Split AC,Model_H293,1.5,50.0,7.0,12.0,Non-Inverter,Turbo Mode,Silver,2023-01-17,3.3,15.0,24.0,Negative,Returned,Noisy operation at night.,In Progress,2022-06-26,Voltas Split AC Air Conditioner (Model_H293),ajay.user326
PID128554,10532.0,4.0,1.0,1.5 Tons,7021.328652447565,3.1,Hyderabad,Amazon,Pune,In Stock,Dishwasher,Table Top,Model_P145,1.5,50.0,7.0,15.0,Electronic Control,AquaIntense,White,2023-06-04,3.1,0.0,12.0,Positive,Not Returned,Slow installation service.,Unresolved,2022-03-31,Voltas Table Top Dishwasher (Model_P145),deepa.india1
PID967379,57800.0,4.0,1.0,1.5 Tons,38533.30764446157,4.5,Pune,Amazon,Mumbai,In Stock,Water Dispenser,Top Loading,Model_J191,1.5,15.0,7.0,12.0,Compressor Cooling,"Hot, Normal & Cold",Blue,2023-07-03,4.5,10.0,12.0,Neutral,Not Returned,Slow installation service.,Unresolved,2024-01-05,Voltas Top Loading Water Dispenser (Model_J191),arjun.77
PID900598,81124.0,2.0,2.0,1.5 Tons,54082.6306115796,6.8,Pune,Vijay Sales,Ahmedabad,In Stock,Water Dispenser,Bottom Loading,Model_D471,1.5,20.0,7.0,12.0,Compressor Cooling,Hot & Cold,Black,2022-08-08,3.4,30.0,60.0,Negative,Returned,Slow installation service.,Unresolved,2023-02-19,Voltas Bottom Laoding Water Dispenser (Model_D471),rahul.9
PID629134,59152.0,3.0,10.0,1.5 Tons,39434.64037690642,46.0,Hyderabad,Flipkart,Bangalore,Out of Stock,Dishwasher,Table Top,Model_U150,1.5,50.0,7.0,14.0,Electronic Control,ProSmart Inverter Motor,White,2024-04-06,4.6,20.0,120.0,Neutral,Not Returned,Cooling issue after 2 months.,Unresolved,2023-05-24,Voltas Table Top Dishwasher (Model_U150),suresh_shop7
PID791218,83682.0,5.0,1.0,1.5 Tons,55787.9628080248,4.0,Delhi,Flipkart,Mumbai,In Stock,Water Dispenser,Bottom Loading,Model_X127,1.5,15.0,7.0,12.0,Compressor Cooling,Normal & Cold,Silver,2022-05-25,4.0,25.0,12.0,Neutral,Not Returned,Slow installation service.,Resolved,2023-06-02,Voltas Bottom Loading Water Dispenser (Model_X127),nehaexpress42
PID840826,35805.0,3.0,2.0,1.5 Tons,23869.98408667728,7.0,Mumbai,Croma,Bangalore,In Stock,Washing Machine,Front Load,Model_V385,1.5,50.0,6.0,12.0,Semi-Automatic,GentleWave Drum,White,2023-07-16,3.5,5.0,24.0,Neutral,Not Returned,Excellent performance.,Resolved,2023-08-29,Voltas Front Load Washing Machine (Model_V385),mukesh_user767
PID107045,54909.0,3.0,5.0,1.5 Tons,36605.97559601627,20.0,Hyderabad,Croma,Pune,In Stock,Refrigerator,Single Door,Model_T279,1.5,250.0,7.0,12.0,Frost Free,Active Fresh Blue Light,Blue,2022-02-15,4.0,5.0,60.0,Negative,Returned,Slow installation service.,Unresolved,,Voltas Single Door Refrigerator (Model_T279),amit_deals19
PID692540,33214.0,2.0,1.0,1.5 Tons,22142.65190489873,4.6,Delhi,Croma,Hyderabad,Out of Stock,Refrigerator,Single Door,Model_L167,1.5,350.0,7.0,12.0,Frost Free,StoreFresh+,Grey,2023-12-24,4.6,15.0,12.0,Positive,Returned,Remote stopped working.,Unresolved,2023-10-27,Voltas Single Door Refrigerator (Model_L167),radha63
PID966079,58325.0,3.0,1.0,1.5 Tons,38883.30741112839,4.8,Chennai,Croma,Hyderabad,In Stock,Washing Machine,Front Load,Model_S96,1.5,50.0,6.0,12.0,Fully-Automatic,ProSmart Inverter Motor,White,2023-01-19,4.8,30.0,12.0,Negative,Returned,Excellent performance.,Resolved,2022-06-21,Voltas Front Load Washing Machine (Model_S96),nisha_52
PID729854,22006.0,1.0,1.0,1.5 Tons,14670.656886228744,4.3,Pune,Amazon,Ahmedabad,In Stock,Refrigerator,Top Load,Model_L37,1.5,50.0,8.0,12.0,Fully-Automatic,ProSmart Inverter Motor,Grey,2022-12-02,4.3,30.0,12.0,Neutral,Not Returned,Excellent performance.,Unresolved,2022-10-30,Voltas Top Load Washing Machine (Model_L37),kiran_reviews8
PID737634,22133.0,3.0,5.0,1.5 Tons,14755.323496451005,24.5,Delhi,Vijay Sales,Delhi,In Stock,Washing Machine,Front Load,Model_D29,1.5,50.0,7.0,12.0,Fully-Automatic,ProSmart Inverter Motor,Grey,2023-06-27,4.9,20.0,60.0,Negative,Returned,Slow installation service.,Resolved,2023-06-07,Voltas Front Load Washing Machine (Model_D29),anilbuyer5
PID531880,11970.0,3.0,5.0,1.5 Tons,7979.994680003547,17.5,Hyderabad,Vijay Sales,Ahmedabad,In Stock,Refrigerator,Double Door,Model_Z467,1.5,250.0,7.0,12.0,Frost Free,Active Fresh Blue Light,Blue,2023-03-01,3.5,5.0,60.0,Positive,Not Returned,Excellent performance.,In Progress,2023-03-02,Voltas Double Door Refrigerator (Model_Z467),mukesh.656
PID108644,55135.0,4.0,5.0,1.0 Tons,55134.94486505514,25.0,Mumbai,Amazon,Mumbai,Out of Stock,Air Conditioner,Inverter AC,Model_C2,1.0,50.0,7.0,12.0,Inverter,Turbo Mode,Silver,2023-08-04,5.0,25.0,60.0,Positive,Not Returned,Delivered with damaged packaging.,Resolved,,Voltas Inverter AC Air Conditioner (Model_C2),ajay7
PID832150,64651.0,5.0,10.0,1.5 Tons,43100.637932908045,35.0,Delhi,Croma,Ahmedabad,In Stock,Water Dispenser,Bottom Loading,Model_N65,1.5,15.0,7.0,12.0,Compressor Cooling,Normal & Cold,Black,2023-05-01,3.5,0.0,120.0,Neutral,Returned,Slow installation service.,Resolved,2022-05-03,Voltas Bottom Loading Water Dispenser (Model_N65),amit.3
PID741321,57804.0,5.0,2.0,2.0 Tons,28901.985549007222,6.8,Bengaluru,Croma,Bangalore,In Stock,Air Conditioner,Inverter AC,Model_M298,2.0,50.0,7.0,12.0,Inverter,Adjustable Cooling,Grey,2022-04-20,3.4,30.0,24.0,Negative,Returned,Excellent performance.,In Progress,2022-07-03,Voltas Inverter AC Air Conditioner (Model_M298),arjun9
PID232663,22299.0,1.0,5.0,1.5 Tons,14865.99008933994,17.5,Pune,Vijay Sales,Hyderabad,Out of Stock,Washing Machine,Bottom Loading,Model_V307,1.5,50.0,9.0,12.0,Fully-Automatic,ProSmart Inverter Motor,Grey,2022-09-22,3.5,15.0,60.0,Negative,Returned,No issues so far.,Resolved,2023-06-16,Voltas Top Load Washing Machine (Model_V307),sanjay_zone392
PID667909,66066.0,2.0,1.0,1.5 Tons,44043.97063735291,3.3,Pune,Flipkart,Hyderabad,Out of Stock,Water Dispenser,Top Loading,Model_W412,1.5,15.0,7.0,12.0,Compressor Cooling,Normal & Cold,Grey,2023-06-24,3.3,15.0,12.0,Neutral,Returned,Cooling issue after 2 months.,Unresolved,2022-08-04,Voltas Top Loading Water Dispenser (Model_W412),rajesh51
PID910094,79021.0,5.0,10.0,1.5 Tons,52680.63154624564,31.0,Hyderabad,Croma,Chennai,In Stock,Dishwasher,Full Size,Model_P301,1.5,50.0,7.0,14.0,Electronic Control,Hygiene+,Blue,2023-10-26,3.1,15.0,120.0,Negative,Not Returned,Delivered with damaged packaging.,In Progress,2022-06-18,Voltas Full Size Dishwasher (Model_P301),ajayuser19
PID261240,10010.0,5.0,1.0,1.5 Tons,6673.328884447411,3.2,Hyderabad,Flipkart,Chennai,In Stock,Washing Machine,Top Load,Model_U254,1.5,50.0,6.5,12.0,Semi-Automatic,ProSmart Inverter Motor,White,2023-12-28,3.2,15.0,12.0,Negative,Not Returned,Excellent performance.,Unresolved,2022-09-06,Vlotas Single Door Refrigerator (Model_N325),komal.india41
PID136993,77951.0,1.0,10.0,1.5 Tons,51967.29868846754,31.0,Hyderabad,Vijay Sales,Chennai,Out of Stock,Washing Machine,Top Load,Model_H137,1.5,50.0,7.0,12.0,Fully-Automatic,SteamWash,Silver,2024-01-05,3.1,30.0,120.0,Neutral,Returned,No issues so far.,In Progress,2024-05-03,Voltas Top Load Washing Machine (Model_H137),divya_shop6
PID284287,36361.0,3.0,2.0,1.5 Tons,24240.650506233,8.4,Mumbai,Amazon,Hyderabad,In Stock,Washing Machine,Front Load,Model_Y232,1.5,50.0,7.0,12.0,Semi-Automatic,SteamWash,Blue,2022-11-07,4.2,30.0,24.0,Negative,Not Returned,Delivered with damaged packaging.,Unresolved,2022-04-13,Voltas Front Load Washing Machine (Model_Y232),deepa.26
PID169970,60458.0,5.0,10.0,1.5 Tons,40305.30646312903,35.0,Bengaluru,Amazon,Mumbai,Out of Stock,Water Dispenser,Top Loading,Model_Y154,1.5,15.0,7.0,12.0,Compressor Cooling,Hot & Cold,White,2022-02-13,3.5,20.0,120.0,Neutral,Not Returned,Slow installation service.,In Progress,2023-02-07,Voltas Top Loading Water Dispenser (Model_Y154),rohit.online04
PID916503,74437.0,5.0,10.0,1.5 Tons,49624.63358357761,48.0,Pune,Amazon,Chennai,In Stock,Water Dispenser,Bottom Loading,Model_U20,1.5,15.0,7.0,12.0,Compressor Cooling,"Hot, Normal & Cold",Silver,2024-05-06,4.8,25.0,120.0,Neutral,Not Returned,Slow installation service.,In Progress,2023-12-23,Voltas Bottom Loading Water Dispenser (Model_U20),kiran.user30
PID695301,46386.0,1.0,1.0,1.5 Tons,30923.979384013743,3.2,Bengaluru,Amazon,Ahmedabad,Out of Stock,Refrigerator,Side-by-Side,Model_Z311,1.5,250.0,7.0,12.0,Direct Cool,Active Fresh Blue Light,Black,2024-06-06,3.2,25.0,12.0,Negative,Returned,Slow installation service.,In Progress,2022-12-07,Voltas Side-by-Side Refrigerator (Model_Z311),priya.4
PID662738,21233.0,5.0,1.0,1.5 Tons,14155.323896450736,3.8,Delhi,Flipkart,Delhi,Out of Stock,Water Dispenser,Top Loading,Model_P119,1.5,15.0,7.0,12.0,Compressor Cooling,Hot & Cold,Blue,2022-07-31,3.8,30.0,12.0,Neutral,Not Returned,Remote stopped working.,Unresolved,2022-09-04,Voltas Top Loading Water Dispenser (Model_P119),vinod.4
PID122130,46386.0,1.0,10.0,1.5 Tons,30923.979384013743,38.0,Delhi,Vijay Sales,Hyderabad,Out of Stock,Water Dispenser,Bottom Loading,Model_N481,1.5,20.0,7.0,12.0,Compressor Cooling,Normal & Cold,Blue,2023-03-03,3.8,0.0,120.0,Positive,Not Returned,Remote stopped working.,Resolved,2022-04-24,Voltas Bottom Loading Water Dispenser (Model_N481),arjunshop30
PID422924,35161.0,4.0,5.0,1.5 Tons,23440.65103956597,21.0,Chennai,Amazon,Mumbai,In Stock,Refrigerator,Single Door,Model_A26,1.5,250.0,7.0,12.0,Direct Cool,Active Fresh Blue Light,White,2022-06-29,4.2,20.0,60.0,Negative,Not Returned,Delivered with damaged packaging.,Resolved,2023-05-19,Voltas Single Door Refrigerator (Model_A26),mukeshindia093
PID227140,27615.0,1.0,5.0,1.5 Tons,18409.987726674848,17.0,Mumbai,Croma,Hyderabad,In Stock,Dishwasher,Table Top,Model_X231,1.5,50.0,7.0,15.0,Electronic Control,Hygiene+,Grey,2022-06-21,3.4,0.0,60.0,Positive,Not Returned,No issues so far.,Resolved,2023-08-31,Vlotas Single Door Refrigerator (Model_N325),ajay_user6
PID176937,84281.0,1.0,5.0,1.5 Tons,56187.295875136086,24.0,Pune,Croma,Hyderabad,In Stock,Dishwasher,Full Size,Model_A0,1.5,50.0,7.0,12.0,Electronic Control,AquaIntense,Silver,2023-09-22,4.8,15.0,60.0,Positive,Not Returned,No issues so far.,In Progress,2022-10-02,Voltas Full Size Dihswasher (Model_P93),priya_user737
PID545176,14776.0,2.0,5.0,1.5 Tons,9850.660099559936,20.5,Pune,Amazon,Hyderabad,In Stock,Refrigerator,Double Door,Model_M168,1.5,350.0,7.0,12.0,Direct Cool,Active Fresh Blue Light,Blue,2022-12-19,4.1,10.0,60.0,Neutral,Returned,Slow installation service.,Resolved,2022-11-07,Voltas Double Door Refrigerator (Model_M168),seema.9
PID853697,19414.0,3.0,5.0,1.5 Tons,12942.658038227975,19.5,Hyderabad,Amazon,Chennai,Out of Stock,Dishwasher,Full Size,Model_H189,1.5,50.0,7.0,12.0,Electronic Control,Hygiene+,Black,2022-08-03,3.9,25.0,60.0,Neutral,Not Returned,Slow installation service.,Resolved,2022-12-27,Voltas Full Size Dishwasher (Model_H189),ajaydeals2
PID978874,69521.0,5.0,10.0,1.5 Tons,46347.302435131714,31.0,Bengaluru,Flipkart,Chennai,In Stock,Air Conditioner,Window AC,Model_G214,1.5,50.0,7.0,12.0,Non-Inverter,Turbo Mode,Silver,2024-03-22,3.1,30.0,120.0,Neutral,Returned,Excellent performance.,Resolved,2022-09-01,Voltas Window AC Air Conditoiner (Model_G214),preeti.deals12
PID514014,46386.0,5.0,5.0,1.5 Tons,30923.979384013743,24.0,Chennai,Flipkart,Hyderabad,In Stock,Dishwasher,Table Top,Model_I34,1.5,50.0,7.0,8.0,Electronic Control,Hygiene+,Grey,2024-03-17,4.8,30.0,24.0,Negative,Returned,Remote stopped working.,In Progress,2023-06-26,Voltas Table Top Dishwasher (Model_I34),sanjaybuyer8
PID796565,81860.0,3.0,2.0,1.5 Tons,54573.296951135366,7.2,Hyderabad,Vijay Sales,Mumbai,In Stock,Washing Machine,Top Load,Model_Z441,1.5,50.0,7.0,12.0,Fully-Automatic,SteamWash,Blue,2024-05-01,3.6,0.0,24.0,Negative,Not Returned,Noisy operation at night.,In Progress,2023-05-10,Voltas Top Load Washing Machine (Model_Z441),komal.450
PID591000,49070.0,3.0,5.0,1.5 Tons,32713.311524458983,23.0,Bengaluru,Croma,Hyderabad,Out of Stock,Refrigerator,Single Door,Model_A104,1.5,550.0,7.0,12.0,Frost Free,NeoFrost Dual Cooling,Black,2022-12-11,4.6,15.0,60.0,Neutral,Not Returned,Noisy operation at night.,In Progress,2022-09-02,Voltas Single Door Refrigerator (Model_A104),sanjay7
PID748800,39715.0,4.0,5.0,1.5 Tons,26476.649015567324,23.0,Delhi,Amazon,Delhi,Out of Stock,Washing Machine,Front Load,Model_L349,1.5,50.0,6.0,12.0,Fully-Automatic,ProSmart Inverter Motor,Black,2022-10-30,4.6,20.0,60.0,Positive,Not Returned,Excellent performance.,In Progress,2024-01-13,Voltas Front Load Washing Machine (Model_L349),anil_user6
PID280484,82516.0,3.0,1.0,1.5 Tons,55010.62999291334,4.0,Bengaluru,Flipkart,Delhi,In Stock,Washing Machine,Top Load,Model_F473,1.5,50.0,9.0,12.0,Fully-Automatic,GentleWave Drum,Black,2024-03-08,4.0,30.0,12.0,Positive,Returned,Remote stopped working.,Unresolved,2022-12-29,Voltas Top Load Washing Machine (Model_F473),ajayshop755
PID480740,77471.0,1.0,2.0,1.5 Tons,51647.298901800736,8.8,Chennai,Amazon,Mumbai,In Stock,Air Cooler,Personal,Model_N429,1.5,70.0,7.0,12.0,Compressor Cooling,Ice Chamber,Grey,2022-06-19,4.4,5.0,24.0,Negative,Returned,Cooling issue after 2 months.,In Progress,2024-02-03,Voltas Personal Air Cooler (Model_N429),sanjay.5
PID486753,11558.0,1.0,2.0,1.5 Tons,7705.328196447869,6.4,Mumbai,Flipkart,Ahmedabad,Out of Stock,Water Dispenser,Bottom Loading,Model_T201,1.5,15.0,7.0,12.0,Compressor Cooling,Hot & Cold,Grey,2023-11-23,3.2,25.0,60.0,Negative,Returned,Delivered with damaged packaging.,Unresolved,2023-03-09,Voltas Bottom Loading Water Dispenser (Model_T201),suresh_33
PID199931,77210.0,3.0,2.0,1.5 Tons,51473.29901780066,9.2,Mumbai,Flipkart,Mumbai,Out of Stock,Air Cooler,Personal,Model_X205,1.5,90.0,7.0,12.0,Evaporative Cooling,Remote Control,Silver,2022-02-17,4.6,0.0,24.0,Neutral,Returned,Noisy operation at night.,In Progress,2023-08-11,Voltas Personal Air Cooler (Model_X205),mohan_buyer93
PID489912,29546.0,3.0,1.0,1.5 Tons,19697.320201786533,4.2,Chennai,Croma,Mumbai,Out of Stock,Water Dispenser,Top Loading,Model_J165,1.5,20.0,7.0,12.0,Compressor Cooling,"Hot, Normal & Cold",White,2022-06-28,4.2,30.0,12.0,Negative,Returned,Cooling issue after 2 months.,Resolved,2022-09-01,Voltas Top Loading Water Dispenser (Model_J165),neha.73
PID912291,27146.0,3.0,10.0,1.5 Tons,18097.321268452488,48.0,Bengaluru,Croma,Hyderabad,Out of Stock,Air Cooler,Personal,Model_A260,1.5,50.0,7.0,12.0,Evaporative Cooling,Remote Control,Blue,2024-06-28,4.8,5.0,120.0,Neutral,Not Returned,Noisy operation at night.,In Progress,2023-01-21,Voltas Personal Air Cooler (Model_A260),preeti.2
PID495003,9373.0,3.0,2.0,1.2 Tons,7810.826824310981,9.8,Chennai,Vijay Sales,Mumbai,Out of Stock,Air Conditioner,Inverter AC,Model_A0,1.2,50.0,7.0,12.0,Inverter,Adjustable Cooling,White,2023-11-30,4.9,0.0,24.0,Neutral,Not Returned,Slow installation service.,Unresolved,2023-02-03,Voltas Inverter AC Air Conditioner (Model_X257),shilpareviews70
PID481514,40388.0,3.0,1.0,1.5 Tons,26925.31538312308,3.6,Mumbai,Vijay Sales,Hyderabad,Out of Stock,Refrigerator,Double Door,Model_W308,1.5,450.0,7.0,12.0,Direct Cool,Active Fresh Blue Light,White,2022-02-19,3.6,0.0,12.0,Neutral,Not Returned,Excellent performance.,Unresolved,2023-10-23,Voltas Double DoorR efrigerator (Model_W308),mukesh987
PID836865,84931.0,3.0,10.0,1.5 Tons,56620.628919580726,42.0,Pune,Flipkart,Hyderabad,Out of Stock,Water Dispenser,Bottom Loading,Model_D315,1.5,20.0,7.0,12.0,Compressor Cooling,Hot & Cold,Blue,2023-04-04,4.2,5.0,120.0,Negative,Not Returned,Delivered with damaged packaging.,In Progress,2023-11-21,Voltas Bottom Loading Water Dispenser (Model_D315),divya38
PID729446,9148.0,3.0,5.0,1.5 Tons,6098.6626008916,22.0,Mumbai,Vijay Sales,Mumbai,In Stock,Dishwasher,Table Top,Model_W48,1.5,50.0,7.0,8.0,Electronic Control,AquaIntense,Grey,2022-12-12,4.4,0.0,60.0,Neutral,Not Returned,Excellent performance.,Unresolved,2024-04-11,Voltas Table Top Dishwasher (Model_W48),kiran.online4
